sample_index,anchor_found,quadrant,anchor_x,anchor_y,anchor_w,anchor_h,anchor_area,fill_ratio,aspect_ratio,split,image,label_line
1,True,top_left,28,9,100,26,951,0.366,3.846,train,1775040206432_6639_1025_48-012.jpg,0
2,True,top_left,25,9,52,20,593,0.570,2.600,train,1775040206432_6639_1025_48-012.jpg,1
3,True,bottom_left,0,21,54,20,533,0.494,2.700,train,1775040206432_6639_1025_48-012.jpg,2
4,True,bottom_left,40,7,32,17,252,0.463,1.882,train,1775040206432_6639_1025_48-012.jpg,4
5,True,bottom_right,90,8,60,21,582,0.462,2.857,train,1775040206432_6639_1025_48-012.jpg,5
6,True,bottom_right,148,7,24,20,258,0.537,1.200,train,1775040206432_6639_1025_48-012.jpg,6
7,True,bottom_right,27,5,178,18,1176,0.367,9.889,train,1775040206432_6639_1025_48-012.jpg,8
8,True,bottom_left,23,10,91,16,1118,0.768,5.688,train,1775040206432_6639_1025_48-012.jpg,10
9,True,bottom_left,32,6,59,20,803,0.681,2.950,train,1775040206432_6639_1025_48-012.jpg,11
10,True,bottom_right,82,8,68,17,492,0.426,4.000,train,1775040206432_6639_1025_48-012.jpg,12
11,True,bottom_right,307,0,34,79,1665,0.620,0.430,train,1775040206432_6639_1087_48-008.jpg,0
12,True,top_right,101,9,66,20,661,0.501,3.300,train,1775040206432_6639_1087_48-008.jpg,2
13,True,bottom_right,181,18,58,24,836,0.601,2.417,train,1775040206432_6639_1087_48-008.jpg,3
14,True,bottom_right,111,11,71,25,870,0.490,2.840,train,1775040206432_6639_1087_48-008.jpg,4
15,True,bottom_right,110,14,72,26,1145,0.612,2.769,train,1775040206432_6639_1087_48-008.jpg,5
16,True,bottom_left,0,0,235,148,7411,0.213,1.588,train,1775040206432_6639_1087_48-008.jpg,8
17,True,bottom_left,0,32,306,136,9491,0.228,2.250,train,1775040206432_6639_1087_48-008.jpg,10
18,True,bottom_right,295,39,170,72,4673,0.382,2.361,train,1775040206432_6639_1087_48-008.jpg,12
19,True,bottom_right,77,16,89,22,795,0.406,4.045,train,1775040206432_6639_1124_48-006.jpg,0
20,True,bottom_right,82,14,87,25,764,0.351,3.480,train,1775040206432_6639_1124_48-006.jpg,1
21,True,bottom_right,96,12,74,15,520,0.468,4.933,train,1775040206432_6639_1124_48-006.jpg,3
22,True,bottom_right,87,12,113,16,776,0.429,7.062,train,1775040206432_6639_1124_48-006.jpg,4
23,True,bottom_right,86,13,126,25,1375,0.437,5.040,train,1775040206432_6639_1124_48-006.jpg,5
24,True,bottom_left,29,15,165,26,1938,0.452,6.346,train,1775040206432_6639_1124_48-006.jpg,6
25,True,bottom_left,26,58,191,32,3264,0.534,5.969,train,1775040206432_6639_1124_48-006.jpg,9
26,True,top_left,0,0,45,84,2368,0.626,0.536,train,1775040206432_6639_1124_48-006.jpg,11
27,True,bottom_right,42,10,141,17,1126,0.470,8.294,train,1775040206432_6639_1187_48-002.jpg,0
28,True,bottom_right,70,8,114,19,1093,0.505,6.000,train,1775040206432_6639_1187_48-002.jpg,1
29,True,bottom_right,63,7,90,21,753,0.398,4.286,train,1775040206432_6639_1187_48-002.jpg,2
30,True,top_left,20,13,58,21,638,0.524,2.762,train,1775040206432_6639_1187_48-002.jpg,4
31,True,top_left,17,11,64,23,763,0.518,2.783,train,1775040206432_6639_1187_48-002.jpg,5
32,True,top_left,25,10,62,23,731,0.513,2.696,train,1775040206432_6639_1187_48-002.jpg,6
33,True,top_left,28,14,90,23,994,0.480,3.913,train,1775040206432_6639_1187_48-002.jpg,8
34,True,top_left,0,0,38,14,394,0.741,2.714,train,1775040214757_1002_1069_61-002.jpg,0
35,True,top_right,7,12,31,22,350,0.513,1.409,train,1775040214757_1002_1069_61-002.jpg,1
36,True,top_left,0,5,78,26,763,0.376,3.000,train,1775040214757_1002_1069_61-002.jpg,3
37,True,top_left,23,10,73,18,751,0.572,4.056,train,1775040214757_1002_1069_61-002.jpg,5
38,True,bottom_right,75,10,25,18,267,0.593,1.389,train,1775040214757_1002_1069_61-002.jpg,7
39,True,bottom_right,24,8,75,18,647,0.479,4.167,train,1775040214757_1002_1069_61-002.jpg,8
40,True,top_left,18,6,39,20,369,0.473,1.950,train,1775040214757_1002_1069_61-002.jpg,9
41,True,bottom_right,41,11,43,14,389,0.646,3.071,train,1775040214757_1002_1069_61-002.jpg,10
42,True,top_left,14,6,31,18,355,0.636,1.722,train,1775040214757_1002_1069_61-002.jpg,11
43,True,top_left,14,7,44,20,460,0.523,2.200,train,1775040214757_1002_1069_61-002.jpg,12
44,True,bottom_left,18,8,57,21,471,0.393,2.714,train,1775040214757_1002_1069_61-002.jpg,13
45,True,bottom_right,233,0,119,89,3308,0.312,1.337,train,1775040214757_1002_1069_61-002.jpg,16
46,True,bottom_left,0,0,34,61,1105,0.533,0.557,train,1775040222857_1070_1012_43-002.jpg,0
47,True,top_right,128,0,24,11,198,0.750,2.182,train,1775040222857_1070_1012_43-002.jpg,2
48,True,bottom_right,57,15,72,23,681,0.411,3.130,train,1775040222857_1070_1012_43-002.jpg,3
49,True,bottom_right,19,9,107,27,1045,0.362,3.963,train,1775040222857_1070_1012_43-002.jpg,4
50,True,bottom_left,19,8,57,24,673,0.492,2.375,train,1775040222857_1070_1012_43-002.jpg,5
51,True,top_right,308,0,23,18,338,0.816,1.278,train,1775040222857_1070_1106_43-006.jpg,0
52,True,bottom_right,70,9,27,20,302,0.559,1.350,train,1775040222857_1070_1106_43-006.jpg,2
53,True,bottom_right,110,11,66,26,758,0.442,2.538,train,1775040222857_1070_1106_43-006.jpg,3
54,True,top_left,23,9,49,22,415,0.385,2.227,train,1775040222857_1070_1106_43-006.jpg,5
55,True,bottom_right,72,15,61,30,658,0.360,2.033,train,1775040222857_1070_1106_43-006.jpg,6
56,True,top_right,500,0,49,101,3790,0.766,0.485,train,1775040222857_1070_1111_43-005.jpg,0
57,True,top_right,113,15,78,33,1141,0.443,2.364,train,1775040222857_1070_1111_43-005.jpg,2
58,True,bottom_right,196,28,73,34,1187,0.478,2.147,train,1775040222857_1070_1111_43-005.jpg,3
59,True,top_left,118,20,71,29,892,0.433,2.448,train,1775040222857_1070_1111_43-005.jpg,4
60,True,top_left,29,7,39,23,477,0.532,1.696,train,1775040222857_1070_1147_43-008.jpg,0
61,True,top_left,29,8,83,27,1203,0.537,3.074,train,1775040222857_1070_1147_43-008.jpg,1
62,True,bottom_right,98,14,33,20,284,0.430,1.650,train,1775040222857_1070_1147_43-008.jpg,2
63,True,bottom_right,104,13,61,25,741,0.486,2.440,train,1775040222857_1070_1147_43-008.jpg,3
64,True,bottom_left,19,6,31,18,302,0.541,1.722,train,1775040222857_1070_1147_43-008.jpg,4
65,True,bottom_right,108,7,41,20,385,0.470,2.050,train,1775040222857_1070_1147_43-008.jpg,5
66,True,bottom_left,24,9,62,18,469,0.420,3.444,train,1775040222857_1070_1147_43-008.jpg,6
67,True,top_right,68,7,36,17,349,0.570,2.118,train,1775040222857_1070_1147_43-008.jpg,7
68,True,bottom_right,74,12,32,20,356,0.556,1.600,train,1775040222857_1070_1147_43-008.jpg,11
69,True,top_left,58,7,88,21,787,0.426,4.190,train,1775040222857_1070_1147_43-008.jpg,12
70,True,bottom_right,247,28,69,29,863,0.431,2.379,train,1775040222857_1070_1150_43-007.jpg,0
71,True,top_left,43,12,202,43,2593,0.299,4.698,train,1775040222857_1070_1150_43-007.jpg,1
72,True,top_left,45,17,114,36,2016,0.491,3.167,train,1775040222857_1070_1150_43-007.jpg,2
