store,aisle,bay,captured_ts,processed_ts,inserted_ts,source,url,detected_count,shelf,classification,sub_class,coordinates
1048,15,013,2026-05-02 10:09:21.237000 UTC,2026-05-02 12:13:43.972000 UTC,2026-05-02 12:13:44.892347 UTC,camera_cart,gs://pr-store-sim-cv-selling-shelf-storage-bucket/1777716561237#1048#1115#15-013,1,selling,sku_selling,250550,
1048,15,013,2026-05-02 10:09:21.237000 UTC,2026-05-02 12:13:43.972000 UTC,2026-05-02 12:13:44.892384 UTC,camera_cart,gs://pr-store-sim-cv-selling-shelf-storage-bucket/1777716561237#1048#1115#15-013,1,selling,sku_selling,1004690776,
1048,15,013,2026-05-02 10:09:21.237000 UTC,2026-05-02 12:13:43.972000 UTC,2026-05-02 12:13:44.892395 UTC,camera_cart,gs://pr-store-sim-cv-selling-shelf-storage-bucket/1777716561237#1048#1115#15-013,1,selling,sku_selling,1004690789,
1048,15,013,2026-05-02 10:09:21.237000 UTC,2026-05-02 12:13:43.972000 UTC,2026-05-02 12:13:44.892406 UTC,camera_cart,gs://pr-store-sim-cv-selling-shelf-storage-bucket/1777716561237#1048#1115#15-013,1,selling,sku_selling,1002451269,
1048,15,013,2026-05-02 10:09:21.237000 UTC,2026-05-02 12:13:43.972000 UTC,2026-05-02 12:13:44.892411 UTC,camera_cart,gs://pr-store-sim-cv-selling-shelf-storage-bucket/1777716561237#1048#1115#15-013,1,selling,sku_selling,1002451265,
1048,15,013,2026-05-02 10:09:21.237000 UTC,2026-05-02 12:13:43.972000 UTC,2026-05-02 12:13:44.892415 UTC,camera_cart,gs://pr-store-sim-cv-selling-shelf-storage-bucket/1777716561237#1048#1115#15-013,1,selling,sku_selling,250976,
1048,15,013,2026-05-02 10:09:21.237000 UTC,2026-05-02 12:13:43.972000 UTC,2026-05-02 12:13:44.892419 UTC,camera_cart,gs://pr-store-sim-cv-selling-shelf-storage-bucket/1777716561237#1048#1115#15-013,1,selling,sku_selling,1004690795,
1048,15,013,2026-05-02 10:09:21.237000 UTC,2026-05-02 12:13:43.972000 UTC,2026-05-02 12:13:44.892423 UTC,camera_cart,gs://pr-store-sim-cv-selling-shelf-storage-bucket/1777716561237#1048#1115#15-013,2,selling,sku_selling,1004690784,
1048,15,013,2026-05-02 10:09:21.237000 UTC,2026-05-02 12:13:43.972000 UTC,2026-05-02 12:13:44.892427 UTC,camera_cart,gs://pr-store-sim-cv-selling-shelf-storage-bucket/1777716561237#1048#1115#15-013,2,selling,sku_selling,252816,
1048,15,013,2026-05-02 10:09:21.237000 UTC,2026-05-02 12:13:43.972000 UTC,2026-05-02 12:13:44.892431 UTC,camera_cart,gs://pr-store-sim-cv-selling-shelf-storage-bucket/1777716561237#1048#1115#15-013,1,selling,sku_selling,1002482956,
1048,15,013,2026-05-02 10:09:21.237000 UTC,2026-05-02 12:13:43.972000 UTC,2026-05-02 12:13:44.892436 UTC,camera_cart,gs://pr-store-sim-cv-selling-shelf-storage-bucket/1777716561237#1048#1115#15-013,1,selling,sku_selling,272337,
1048,15,013,2026-05-02 10:09:21.237000 UTC,2026-05-02 12:13:43.972000 UTC,2026-05-02 12:13:44.892440 UTC,camera_cart,gs://pr-store-sim-cv-selling-shelf-storage-bucket/1777716561237#1048#1115#15-013,1,selling,sku_selling,1005812470,
1048,15,013,2026-05-02 10:09:21.237000 UTC,2026-05-02 12:13:43.972000 UTC,2026-05-02 12:13:44.892444 UTC,camera_cart,gs://pr-store-sim-cv-selling-shelf-storage-bucket/1777716561237#1048#1115#15-013,2,selling,sku_selling,298912,
1048,15,013,2026-05-02 10:09:21.237000 UTC,2026-05-02 12:13:43.972000 UTC,2026-05-02 12:13:44.892449 UTC,camera_cart,gs://pr-store-sim-cv-selling-shelf-storage-bucket/1777716561237#1048#1115#15-013,1,selling,sku_selling,273832,
1048,15,013,2026-05-02 10:09:21.237000 UTC,2026-05-02 12:13:43.972000 UTC,2026-05-02 12:13:44.892453 UTC,camera_cart,gs://pr-store-sim-cv-selling-shelf-storage-bucket/1777716561237#1048#1115#15-013,4,selling,sku_selling,251786,
1048,15,013,2026-05-02 10:09:21.237000 UTC,2026-05-02 12:13:43.972000 UTC,2026-05-02 12:13:44.892457 UTC,camera_cart,gs://pr-store-sim-cv-selling-shelf-storage-bucket/1777716561237#1048#1115#15-013,1,selling,sku_selling,263824,
1048,15,013,2026-05-02 10:09:21.237000 UTC,2026-05-02 12:13:43.972000 UTC,2026-05-02 12:13:44.892462 UTC,camera_cart,gs://pr-store-sim-cv-selling-shelf-storage-bucket/1777716561237#1048#1115#15-013,1,selling,sku_selling,267277,
1048,15,013,2026-05-02 10:09:21.237000 UTC,2026-05-02 12:13:43.972000 UTC,2026-05-02 12:13:44.892466 UTC,camera_cart,gs://pr-store-sim-cv-selling-shelf-storage-bucket/1777716561237#1048#1115#15-013,1,selling,sku_selling,247997,
1048,15,013,2026-05-02 10:09:21.237000 UTC,2026-05-02 12:13:43.972000 UTC,2026-05-02 12:13:44.892469 UTC,camera_cart,gs://pr-store-sim-cv-selling-shelf-storage-bucket/1777716561237#1048#1115#15-013,2,selling,sku_selling,262072,
1048,15,013,2026-05-02 10:09:21.237000 UTC,2026-05-02 12:13:43.972000 UTC,2026-05-02 12:13:44.892473 UTC,camera_cart,gs://pr-store-sim-cv-selling-shelf-storage-bucket/1777716561237#1048#1115#15-013,1,selling,sku_selling,271831,
1048,15,013,2026-05-02 10:09:21.237000 UTC,2026-05-02 12:13:43.972000 UTC,2026-05-02 12:13:44.892495 UTC,camera_cart,gs://pr-store-sim-cv-selling-shelf-storage-bucket/1777716561237#1048#1115#15-013,1,selling,sku_selling,1002475877,
1048,15,013,2026-05-02 10:09:21.237000 UTC,2026-05-02 12:13:43.972000 UTC,2026-05-02 12:13:44.892505 UTC,camera_cart,gs://pr-store-sim-cv-selling-shelf-storage-bucket/1777716561237#1048#1115#15-013,1,selling,sku_selling,1005847887,
1048,15,013,2026-05-02 10:09:21.237000 UTC,2026-05-02 12:13:43.972000 UTC,2026-05-02 12:13:44.892515 UTC,camera_cart,gs://pr-store-sim-cv-selling-shelf-storage-bucket/1777716561237#1048#1115#15-013,1,selling,sku_selling,1000050896,
1048,15,013,2026-05-02 10:09:21.237000 UTC,2026-05-02 12:13:43.972000 UTC,2026-05-02 12:13:44.892521 UTC,camera_cart,gs://pr-store-sim-cv-selling-shelf-storage-bucket/1777716561237#1048#1115#15-013,1,selling,sku_selling,117745,
1048,15,013,2026-05-02 10:09:21.237000 UTC,2026-05-02 12:13:43.972000 UTC,2026-05-02 12:13:44.812318 UTC,camera_cart,gs://pr-store-sim-cv-selling-shelf-storage-bucket/1777716561237#1048#1115#15-013,3,selling,EmptyItem,,"MULTILINESTRING((2.523 0.444, 2.523 0.927, 2.661 0.927, 2.661 0.444), (1.784 1.605, 1.784 1.839, 1.916 1.839, 1.916 1.605), (2.682 1.926, 2.682 2.163, 2.812 2.163, 2.812 1.926))"
1048,15,013,2026-05-02 10:09:21.237000 UTC,2026-05-02 12:13:43.972000 UTC,2026-05-02 12:13:45.057030 UTC,camera_cart,gs://pr-store-sim-cv-selling-shelf-storage-bucket/1777716561237#1048#1115#15-013,1,selling,Beams,,"LINESTRING(0 0.034, 0 4.439, 0.695 4.439, 0.695 0.034)"
1048,15,013,2026-05-04 07:30:37.073000 UTC,2026-05-04 09:01:00.137000 UTC,2026-05-04 09:01:02.970231 UTC,camera_cart,gs://pr-store-sim-cv-selling-shelf-storage-bucket/1777879837073#1048#1069#15-013,5,selling,EmptyItem,,"MULTILINESTRING((2.593 0.669, 2.593 1.108, 2.72 1.108, 2.72 0.669), (3.523 1.642, 3.523 1.878, 3.657 1.878, 3.657 1.642), (2.722 1.943, 2.722 2.172, 2.841 2.172, 2.841 1.943), (2.53 1.938, 2.53 2.183, 2.652 2.183, 2.652 1.938), (2.056 1.408, 2.056 1.621, 2.178 1.621, 2.178 1.408))"
1048,15,013,2026-05-04 07:30:37.073000 UTC,2026-05-04 09:01:00.137000 UTC,2026-05-04 09:01:03.407292 UTC,camera_cart,gs://pr-store-sim-cv-selling-shelf-storage-bucket/1777879837073#1048#1069#15-013,1,selling,Beams,,"LINESTRING(0.36 0, 0.36 4.18, 0.977 4.18, 0.977 0)"
1048,15,013,2026-05-04 07:30:37.073000 UTC,2026-05-04 09:01:00.137000 UTC,2026-05-04 09:01:03.195745 UTC,camera_cart,gs://pr-store-sim-cv-selling-shelf-storage-bucket/1777879837073#1048#1069#15-013,1,selling,sku_selling,263512,
1048,15,013,2026-05-04 07:30:37.073000 UTC,2026-05-04 09:01:00.137000 UTC,2026-05-04 09:01:03.195758 UTC,camera_cart,gs://pr-store-sim-cv-selling-shelf-storage-bucket/1777879837073#1048#1069#15-013,1,selling,sku_selling,1002474116,
1048,15,013,2026-05-04 07:30:37.073000 UTC,2026-05-04 09:01:00.137000 UTC,2026-05-04 09:01:03.195762 UTC,camera_cart,gs://pr-store-sim-cv-selling-shelf-storage-bucket/1777879837073#1048#1069#15-013,1,selling,sku_selling,264188,
1048,15,013,2026-05-04 07:30:37.073000 UTC,2026-05-04 09:01:00.137000 UTC,2026-05-04 09:01:03.195765 UTC,camera_cart,gs://pr-store-sim-cv-selling-shelf-storage-bucket/1777879837073#1048#1069#15-013,1,selling,sku_selling,257833,
1048,15,013,2026-05-04 07:30:37.073000 UTC,2026-05-04 09:01:00.137000 UTC,2026-05-04 09:01:03.195770 UTC,camera_cart,gs://pr-store-sim-cv-selling-shelf-storage-bucket/1777879837073#1048#1069#15-013,1,selling,sku_selling,249438,
1048,15,013,2026-05-04 07:30:37.073000 UTC,2026-05-04 09:01:00.137000 UTC,2026-05-04 09:01:03.195772 UTC,camera_cart,gs://pr-store-sim-cv-selling-shelf-storage-bucket/1777879837073#1048#1069#15-013,1,selling,sku_selling,299958,
1048,15,013,2026-05-04 07:30:37.073000 UTC,2026-05-04 09:01:00.137000 UTC,2026-05-04 09:01:03.195775 UTC,camera_cart,gs://pr-store-sim-cv-selling-shelf-storage-bucket/1777879837073#1048#1069#15-013,1,selling,sku_selling,261491,
1048,15,013,2026-05-04 07:30:37.073000 UTC,2026-05-04 09:01:00.137000 UTC,2026-05-04 09:01:03.195778 UTC,camera_cart,gs://pr-store-sim-cv-selling-shelf-storage-bucket/1777879837073#1048#1069#15-013,1,selling,sku_selling,1002474117,
1048,15,013,2026-05-04 07:30:37.073000 UTC,2026-05-04 09:01:00.137000 UTC,2026-05-04 09:01:03.195781 UTC,camera_cart,gs://pr-store-sim-cv-selling-shelf-storage-bucket/1777879837073#1048#1069#15-013,1,selling,sku_selling,250174,
1048,15,013,2026-05-04 07:30:37.073000 UTC,2026-05-04 09:01:00.137000 UTC,2026-05-04 09:01:03.195784 UTC,camera_cart,gs://pr-store-sim-cv-selling-shelf-storage-bucket/1777879837073#1048#1069#15-013,1,selling,sku_selling,1004690795,
1048,15,013,2026-05-04 07:30:37.073000 UTC,2026-05-04 09:01:00.137000 UTC,2026-05-04 09:01:03.195786 UTC,camera_cart,gs://pr-store-sim-cv-selling-shelf-storage-bucket/1777879837073#1048#1069#15-013,1,selling,sku_selling,1004690784,
1048,15,013,2026-05-04 07:30:37.073000 UTC,2026-05-04 09:01:00.137000 UTC,2026-05-04 09:01:03.195789 UTC,camera_cart,gs://pr-store-sim-cv-selling-shelf-storage-bucket/1777879837073#1048#1069#15-013,1,selling,sku_selling,1004690790,
1048,15,013,2026-05-04 07:30:37.073000 UTC,2026-05-04 09:01:00.137000 UTC,2026-05-04 09:01:03.195792 UTC,camera_cart,gs://pr-store-sim-cv-selling-shelf-storage-bucket/1777879837073#1048#1069#15-013,3,selling,sku_selling,1004690791,
1048,15,013,2026-05-04 07:30:37.073000 UTC,2026-05-04 09:01:00.137000 UTC,2026-05-04 09:01:03.195795 UTC,camera_cart,gs://pr-store-sim-cv-selling-shelf-storage-bucket/1777879837073#1048#1069#15-013,2,selling,sku_selling,252816,
1048,15,013,2026-05-04 07:30:37.073000 UTC,2026-05-04 09:01:00.137000 UTC,2026-05-04 09:01:03.195798 UTC,camera_cart,gs://pr-store-sim-cv-selling-shelf-storage-bucket/1777879837073#1048#1069#15-013,1,selling,sku_selling,1002482956,
1048,15,013,2026-05-04 07:30:37.073000 UTC,2026-05-04 09:01:00.137000 UTC,2026-05-04 09:01:03.195814 UTC,camera_cart,gs://pr-store-sim-cv-selling-shelf-storage-bucket/1777879837073#1048#1069#15-013,1,selling,sku_selling,272337,
1048,15,013,2026-05-04 07:30:37.073000 UTC,2026-05-04 09:01:00.137000 UTC,2026-05-04 09:01:03.195817 UTC,camera_cart,gs://pr-store-sim-cv-selling-shelf-storage-bucket/1777879837073#1048#1069#15-013,1,selling,sku_selling,285977,
1048,15,013,2026-05-04 07:30:37.073000 UTC,2026-05-04 09:01:00.137000 UTC,2026-05-04 09:01:03.195820 UTC,camera_cart,gs://pr-store-sim-cv-selling-shelf-storage-bucket/1777879837073#1048#1069#15-013,1,selling,sku_selling,286704,
1048,15,013,2026-05-04 07:30:37.073000 UTC,2026-05-04 09:01:00.137000 UTC,2026-05-04 09:01:03.195823 UTC,camera_cart,gs://pr-store-sim-cv-selling-shelf-storage-bucket/1777879837073#1048#1069#15-013,2,selling,sku_selling,298912,
1048,15,013,2026-05-04 07:30:37.073000 UTC,2026-05-04 09:01:00.137000 UTC,2026-05-04 09:01:03.195826 UTC,camera_cart,gs://pr-store-sim-cv-selling-shelf-storage-bucket/1777879837073#1048#1069#15-013,1,selling,sku_selling,273832,
1048,15,013,2026-05-04 07:30:37.073000 UTC,2026-05-04 09:01:00.137000 UTC,2026-05-04 09:01:03.195829 UTC,camera_cart,gs://pr-store-sim-cv-selling-shelf-storage-bucket/1777879837073#1048#1069#15-013,4,selling,sku_selling,251786,
1048,15,013,2026-05-04 07:30:37.073000 UTC,2026-05-04 09:01:00.137000 UTC,2026-05-04 09:01:03.195832 UTC,camera_cart,gs://pr-store-sim-cv-selling-shelf-storage-bucket/1777879837073#1048#1069#15-013,1,selling,sku_selling,247997,
1048,15,013,2026-05-04 07:30:37.073000 UTC,2026-05-04 09:01:00.137000 UTC,2026-05-04 09:01:03.195835 UTC,camera_cart,gs://pr-store-sim-cv-selling-shelf-storage-bucket/1777879837073#1048#1069#15-013,2,selling,sku_selling,262072,
1048,15,013,2026-05-04 07:30:37.073000 UTC,2026-05-04 09:01:00.137000 UTC,2026-05-04 09:01:03.195838 UTC,camera_cart,gs://pr-store-sim-cv-selling-shelf-storage-bucket/1777879837073#1048#1069#15-013,1,selling,sku_selling,271831,
1048,15,013,2026-05-04 07:30:37.073000 UTC,2026-05-04 09:01:00.137000 UTC,2026-05-04 09:01:03.195840 UTC,camera_cart,gs://pr-store-sim-cv-selling-shelf-storage-bucket/1777879837073#1048#1069#15-013,1,selling,sku_selling,1002475877,
1048,15,013,2026-05-04 07:30:37.073000 UTC,2026-05-04 09:01:00.137000 UTC,2026-05-04 09:01:03.195844 UTC,camera_cart,gs://pr-store-sim-cv-selling-shelf-storage-bucket/1777879837073#1048#1069#15-013,1,selling,sku_selling,1005847887,
1048,15,013,2026-05-04 07:30:37.073000 UTC,2026-05-04 09:01:00.137000 UTC,2026-05-04 09:01:03.195847 UTC,camera_cart,gs://pr-store-sim-cv-selling-shelf-storage-bucket/1777879837073#1048#1069#15-013,2,selling,sku_selling,1000050896,
1048,15,013,2026-05-04 07:30:37.073000 UTC,2026-05-04 09:01:00.137000 UTC,2026-05-04 09:01:03.195849 UTC,camera_cart,gs://pr-store-sim-cv-selling-shelf-storage-bucket/1777879837073#1048#1069#15-013,2,selling,sku_selling,117745,
1048,15,013,2026-05-04 07:30:37.073000 UTC,2026-05-04 09:01:00.137000 UTC,2026-05-04 09:01:03.195856 UTC,camera_cart,gs://pr-store-sim-cv-selling-shelf-storage-bucket/1777879837073#1048#1069#15-013,1,selling,sku_selling,1001294716,
1048,15,013,2026-05-04 07:30:37.073000 UTC,2026-05-04 09:01:00.137000 UTC,2026-05-04 09:01:03.195859 UTC,camera_cart,gs://pr-store-sim-cv-selling-shelf-storage-bucket/1777879837073#1048#1069#15-013,1,selling,sku_selling,367500,
1048,15,013,2026-05-04 07:30:37.073000 UTC,2026-05-04 09:01:00.137000 UTC,2026-05-04 09:01:03.195862 UTC,camera_cart,gs://pr-store-sim-cv-selling-shelf-storage-bucket/1777879837073#1048#1069#15-013,1,selling,sku_selling,1005847889,
1048,15,013,2026-05-04 07:30:37.073000 UTC,2026-05-04 09:01:00.137000 UTC,2026-05-04 09:01:03.195865 UTC,camera_cart,gs://pr-store-sim-cv-selling-shelf-storage-bucket/1777879837073#1048#1069#15-013,1,selling,sku_selling,431937,
1048,15,013,2026-05-05 09:37:36.364000 UTC,2026-05-05 10:53:27.778000 UTC,2026-05-05 10:53:28.104870 UTC,camera_cart,gs://pr-store-sim-cv-selling-shelf-storage-bucket/1777973856364#1048#1242#15-013,2,selling,EmptyItem,,"MULTILINESTRING((1.985 1.967, 1.985 2.309, 2.149 2.309, 2.149 1.967), (1.709 1.982, 1.709 2.326, 1.863 2.326, 1.863 1.982))"
1048,15,013,2026-05-05 09:37:36.364000 UTC,2026-05-05 10:53:27.778000 UTC,2026-05-05 10:53:28.212689 UTC,camera_cart,gs://pr-store-sim-cv-selling-shelf-storage-bucket/1777973856364#1048#1242#15-013,1,selling,sku_selling,269937,
1048,15,013,2026-05-05 09:37:36.364000 UTC,2026-05-05 10:53:27.778000 UTC,2026-05-05 10:53:28.212701 UTC,camera_cart,gs://pr-store-sim-cv-selling-shelf-storage-bucket/1777973856364#1048#1242#15-013,1,selling,sku_selling,271642,
1048,15,013,2026-05-05 09:37:36.364000 UTC,2026-05-05 10:53:27.778000 UTC,2026-05-05 10:53:28.212704 UTC,camera_cart,gs://pr-store-sim-cv-selling-shelf-storage-bucket/1777973856364#1048#1242#15-013,1,selling,sku_selling,250799,
1048,15,013,2026-05-05 09:37:36.364000 UTC,2026-05-05 10:53:27.778000 UTC,2026-05-05 10:53:28.212707 UTC,camera_cart,gs://pr-store-sim-cv-selling-shelf-storage-bucket/1777973856364#1048#1242#15-013,2,selling,sku_selling,250976,
1048,15,013,2026-05-05 09:37:36.364000 UTC,2026-05-05 10:53:27.778000 UTC,2026-05-05 10:53:28.212710 UTC,camera_cart,gs://pr-store-sim-cv-selling-shelf-storage-bucket/1777973856364#1048#1242#15-013,1,selling,sku_selling,1004690795,
1048,15,013,2026-05-05 09:37:36.364000 UTC,2026-05-05 10:53:27.778000 UTC,2026-05-05 10:53:28.212712 UTC,camera_cart,gs://pr-store-sim-cv-selling-shelf-storage-bucket/1777973856364#1048#1242#15-013,1,selling,sku_selling,1004690784,
1048,15,013,2026-05-05 09:37:36.364000 UTC,2026-05-05 10:53:27.778000 UTC,2026-05-05 10:53:28.212715 UTC,camera_cart,gs://pr-store-sim-cv-selling-shelf-storage-bucket/1777973856364#1048#1242#15-013,1,selling,sku_selling,1004690790,
1048,15,013,2026-05-05 09:37:36.364000 UTC,2026-05-05 10:53:27.778000 UTC,2026-05-05 10:53:28.212718 UTC,camera_cart,gs://pr-store-sim-cv-selling-shelf-storage-bucket/1777973856364#1048#1242#15-013,4,selling,sku_selling,1004690791,
1048,15,013,2026-05-05 09:37:36.364000 UTC,2026-05-05 10:53:27.778000 UTC,2026-05-05 10:53:28.212721 UTC,camera_cart,gs://pr-store-sim-cv-selling-shelf-storage-bucket/1777973856364#1048#1242#15-013,2,selling,sku_selling,260073,
1048,15,013,2026-05-05 09:37:36.364000 UTC,2026-05-05 10:53:27.778000 UTC,2026-05-05 10:53:28.212724 UTC,camera_cart,gs://pr-store-sim-cv-selling-shelf-storage-bucket/1777973856364#1048#1242#15-013,1,selling,sku_selling,247997,
1048,15,013,2026-05-05 09:37:36.364000 UTC,2026-05-05 10:53:27.778000 UTC,2026-05-05 10:53:28.212727 UTC,camera_cart,gs://pr-store-sim-cv-selling-shelf-storage-bucket/1777973856364#1048#1242#15-013,2,selling,sku_selling,262072,
1048,15,013,2026-05-05 09:37:36.364000 UTC,2026-05-05 10:53:27.778000 UTC,2026-05-05 10:53:28.212730 UTC,camera_cart,gs://pr-store-sim-cv-selling-shelf-storage-bucket/1777973856364#1048#1242#15-013,1,selling,sku_selling,271831,
1048,15,013,2026-05-05 09:37:36.364000 UTC,2026-05-05 10:53:27.778000 UTC,2026-05-05 10:53:28.212733 UTC,camera_cart,gs://pr-store-sim-cv-selling-shelf-storage-bucket/1777973856364#1048#1242#15-013,1,selling,sku_selling,1005812473,
1048,15,013,2026-05-05 09:37:36.364000 UTC,2026-05-05 10:53:27.778000 UTC,2026-05-05 10:53:28.212736 UTC,camera_cart,gs://pr-store-sim-cv-selling-shelf-storage-bucket/1777973856364#1048#1242#15-013,1,selling,sku_selling,1005812470,
1048,15,013,2026-05-05 09:37:36.364000 UTC,2026-05-05 10:53:27.778000 UTC,2026-05-05 10:53:28.212738 UTC,camera_cart,gs://pr-store-sim-cv-selling-shelf-storage-bucket/1777973856364#1048#1242#15-013,1,selling,sku_selling,298912,
1048,15,013,2026-05-05 09:37:36.364000 UTC,2026-05-05 10:53:27.778000 UTC,2026-05-05 10:53:28.212741 UTC,camera_cart,gs://pr-store-sim-cv-selling-shelf-storage-bucket/1777973856364#1048#1242#15-013,1,selling,sku_selling,273832,
1048,15,013,2026-05-05 09:37:36.364000 UTC,2026-05-05 10:53:27.778000 UTC,2026-05-05 10:53:28.212744 UTC,camera_cart,gs://pr-store-sim-cv-selling-shelf-storage-bucket/1777973856364#1048#1242#15-013,2,selling,sku_selling,251786,
1048,15,013,2026-05-05 09:37:36.364000 UTC,2026-05-05 10:53:27.778000 UTC,2026-05-05 10:53:28.411345 UTC,camera_cart,gs://pr-store-sim-cv-selling-shelf-storage-bucket/1777973856364#1048#1242#15-013,0,selling,Beams,,GEOMETRYCOLLECTION EMPTY
1048,15,013,2026-05-06 09:54:19.494000 UTC,2026-05-06 11:37:05.617000 UTC,2026-05-06 11:37:05.856512 UTC,camera_cart,gs://pr-store-sim-cv-selling-shelf-storage-bucket/1778061259494#1048#1255#15-013,3,selling,EmptyItem,,"MULTILINESTRING((2.123 1.965, 2.123 2.241, 2.257 2.241, 2.257 1.965), (1.889 1.976, 1.889 2.263, 2.03 2.263, 2.03 1.976), (1.795 0.417, 1.795 0.929, 1.961 0.929, 1.961 0.417))"
1048,15,013,2026-05-06 09:54:19.494000 UTC,2026-05-06 11:37:05.617000 UTC,2026-05-06 11:37:06.168309 UTC,camera_cart,gs://pr-store-sim-cv-selling-shelf-storage-bucket/1778061259494#1048#1255#15-013,1,selling,Beams,,"LINESTRING(4.704 0.033, 4.704 4.457, 5.309 4.457, 5.309 0.033)"
1048,15,013,2026-05-06 09:54:19.494000 UTC,2026-05-06 11:37:05.617000 UTC,2026-05-06 11:37:05.959071 UTC,camera_cart,gs://pr-store-sim-cv-selling-shelf-storage-bucket/1778061259494#1048#1255#15-013,1,selling,sku_selling,257833,
1048,15,013,2026-05-06 09:54:19.494000 UTC,2026-05-06 11:37:05.617000 UTC,2026-05-06 11:37:05.959089 UTC,camera_cart,gs://pr-store-sim-cv-selling-shelf-storage-bucket/1778061259494#1048#1255#15-013,1,selling,sku_selling,249438,
1048,15,013,2026-05-06 09:54:19.494000 UTC,2026-05-06 11:37:05.617000 UTC,2026-05-06 11:37:05.959093 UTC,camera_cart,gs://pr-store-sim-cv-selling-shelf-storage-bucket/1778061259494#1048#1255#15-013,1,selling,sku_selling,299958,
1048,15,013,2026-05-06 09:54:19.494000 UTC,2026-05-06 11:37:05.617000 UTC,2026-05-06 11:37:05.959095 UTC,camera_cart,gs://pr-store-sim-cv-selling-shelf-storage-bucket/1778061259494#1048#1255#15-013,1,selling,sku_selling,269937,
1048,15,013,2026-05-06 09:54:19.494000 UTC,2026-05-06 11:37:05.617000 UTC,2026-05-06 11:37:05.959098 UTC,camera_cart,gs://pr-store-sim-cv-selling-shelf-storage-bucket/1778061259494#1048#1255#15-013,1,selling,sku_selling,271642,
1048,15,013,2026-05-06 09:54:19.494000 UTC,2026-05-06 11:37:05.617000 UTC,2026-05-06 11:37:05.959101 UTC,camera_cart,gs://pr-store-sim-cv-selling-shelf-storage-bucket/1778061259494#1048#1255#15-013,1,selling,sku_selling,250799,
1048,15,013,2026-05-06 09:54:19.494000 UTC,2026-05-06 11:37:05.617000 UTC,2026-05-06 11:37:05.959104 UTC,camera_cart,gs://pr-store-sim-cv-selling-shelf-storage-bucket/1778061259494#1048#1255#15-013,1,selling,sku_selling,250976,
1048,15,013,2026-05-06 09:54:19.494000 UTC,2026-05-06 11:37:05.617000 UTC,2026-05-06 11:37:05.959106 UTC,camera_cart,gs://pr-store-sim-cv-selling-shelf-storage-bucket/1778061259494#1048#1255#15-013,1,selling,sku_selling,1004690795,
1048,15,013,2026-05-06 09:54:19.494000 UTC,2026-05-06 11:37:05.617000 UTC,2026-05-06 11:37:05.959109 UTC,camera_cart,gs://pr-store-sim-cv-selling-shelf-storage-bucket/1778061259494#1048#1255#15-013,1,selling,sku_selling,1004690784,
1048,15,013,2026-05-06 09:54:19.494000 UTC,2026-05-06 11:37:05.617000 UTC,2026-05-06 11:37:05.959112 UTC,camera_cart,gs://pr-store-sim-cv-selling-shelf-storage-bucket/1778061259494#1048#1255#15-013,1,selling,sku_selling,1004690790,
1048,15,013,2026-05-06 09:54:19.494000 UTC,2026-05-06 11:37:05.617000 UTC,2026-05-06 11:37:05.959115 UTC,camera_cart,gs://pr-store-sim-cv-selling-shelf-storage-bucket/1778061259494#1048#1255#15-013,3,selling,sku_selling,1004690791,
1048,15,013,2026-05-06 09:54:19.494000 UTC,2026-05-06 11:37:05.617000 UTC,2026-05-06 11:37:05.959118 UTC,camera_cart,gs://pr-store-sim-cv-selling-shelf-storage-bucket/1778061259494#1048#1255#15-013,1,selling,sku_selling,260073,
1048,15,013,2026-05-06 09:54:19.494000 UTC,2026-05-06 11:37:05.617000 UTC,2026-05-06 11:37:05.959121 UTC,camera_cart,gs://pr-store-sim-cv-selling-shelf-storage-bucket/1778061259494#1048#1255#15-013,3,selling,sku_selling,267277,
1048,15,013,2026-05-06 09:54:19.494000 UTC,2026-05-06 11:37:05.617000 UTC,2026-05-06 11:37:05.959123 UTC,camera_cart,gs://pr-store-sim-cv-selling-shelf-storage-bucket/1778061259494#1048#1255#15-013,1,selling,sku_selling,247997,
1048,15,013,2026-05-06 09:54:19.494000 UTC,2026-05-06 11:37:05.617000 UTC,2026-05-06 11:37:05.959126 UTC,camera_cart,gs://pr-store-sim-cv-selling-shelf-storage-bucket/1778061259494#1048#1255#15-013,1,selling,sku_selling,262072,
1048,15,013,2026-05-06 09:54:19.494000 UTC,2026-05-06 11:37:05.617000 UTC,2026-05-06 11:37:05.959129 UTC,camera_cart,gs://pr-store-sim-cv-selling-shelf-storage-bucket/1778061259494#1048#1255#15-013,2,selling,sku_selling,251786,
1048,15,013,2026-05-06 09:54:19.494000 UTC,2026-05-06 11:37:05.617000 UTC,2026-05-06 11:37:05.959132 UTC,camera_cart,gs://pr-store-sim-cv-selling-shelf-storage-bucket/1778061259494#1048#1255#15-013,1,selling,sku_selling,1002475877,
1048,15,013,2026-05-06 09:54:19.494000 UTC,2026-05-06 11:37:05.617000 UTC,2026-05-06 11:37:05.959135 UTC,camera_cart,gs://pr-store-sim-cv-selling-shelf-storage-bucket/1778061259494#1048#1255#15-013,2,selling,sku_selling,117745,
1048,15,013,2026-05-06 09:54:19.494000 UTC,2026-05-06 11:37:05.617000 UTC,2026-05-06 11:37:05.959138 UTC,camera_cart,gs://pr-store-sim-cv-selling-shelf-storage-bucket/1778061259494#1048#1255#15-013,1,selling,sku_selling,1001294716,
1048,15,013,2026-05-06 09:54:19.494000 UTC,2026-05-06 11:37:05.617000 UTC,2026-05-06 11:37:05.959141 UTC,camera_cart,gs://pr-store-sim-cv-selling-shelf-storage-bucket/1778061259494#1048#1255#15-013,1,selling,sku_selling,367500,
1048,15,013,2026-05-07 11:08:47.886000 UTC,2026-05-07 12:33:20.255000 UTC,2026-05-07 12:33:22.071771 UTC,camera_cart,gs://pr-store-sim-cv-selling-shelf-storage-bucket/1778152127886#1048#1078#15-013,1,selling,sku_selling,1006129405,
1048,15,013,2026-05-07 11:08:47.886000 UTC,2026-05-07 12:33:20.255000 UTC,2026-05-07 12:33:22.071784 UTC,camera_cart,gs://pr-store-sim-cv-selling-shelf-storage-bucket/1778152127886#1048#1078#15-013,1,selling,sku_selling,1006224736,
1048,15,013,2026-05-07 11:08:47.886000 UTC,2026-05-07 12:33:20.255000 UTC,2026-05-07 12:33:22.071788 UTC,camera_cart,gs://pr-store-sim-cv-selling-shelf-storage-bucket/1778152127886#1048#1078#15-013,1,selling,sku_selling,267154,
1048,15,013,2026-05-07 11:08:47.886000 UTC,2026-05-07 12:33:20.255000 UTC,2026-05-07 12:33:22.071792 UTC,camera_cart,gs://pr-store-sim-cv-selling-shelf-storage-bucket/1778152127886#1048#1078#15-013,1,selling,sku_selling,269937,
1048,15,013,2026-05-07 11:08:47.886000 UTC,2026-05-07 12:33:20.255000 UTC,2026-05-07 12:33:22.071795 UTC,camera_cart,gs://pr-store-sim-cv-selling-shelf-storage-bucket/1778152127886#1048#1078#15-013,1,selling,sku_selling,271642,
1048,15,013,2026-05-07 11:08:47.886000 UTC,2026-05-07 12:33:20.255000 UTC,2026-05-07 12:33:22.071797 UTC,camera_cart,gs://pr-store-sim-cv-selling-shelf-storage-bucket/1778152127886#1048#1078#15-013,1,selling,sku_selling,250799,
1048,15,013,2026-05-07 11:08:47.886000 UTC,2026-05-07 12:33:20.255000 UTC,2026-05-07 12:33:22.071800 UTC,camera_cart,gs://pr-store-sim-cv-selling-shelf-storage-bucket/1778152127886#1048#1078#15-013,1,selling,sku_selling,1004690776,
1048,15,013,2026-05-07 11:08:47.886000 UTC,2026-05-07 12:33:20.255000 UTC,2026-05-07 12:33:22.071803 UTC,camera_cart,gs://pr-store-sim-cv-selling-shelf-storage-bucket/1778152127886#1048#1078#15-013,1,selling,sku_selling,1004690789,
1048,15,013,2026-05-07 11:08:47.886000 UTC,2026-05-07 12:33:20.255000 UTC,2026-05-07 12:33:22.071805 UTC,camera_cart,gs://pr-store-sim-cv-selling-shelf-storage-bucket/1778152127886#1048#1078#15-013,1,selling,sku_selling,1002451269,
1048,15,013,2026-05-07 11:08:47.886000 UTC,2026-05-07 12:33:20.255000 UTC,2026-05-07 12:33:22.071808 UTC,camera_cart,gs://pr-store-sim-cv-selling-shelf-storage-bucket/1778152127886#1048#1078#15-013,1,selling,sku_selling,1002451265,
1048,15,013,2026-05-07 11:08:47.886000 UTC,2026-05-07 12:33:20.255000 UTC,2026-05-07 12:33:22.071811 UTC,camera_cart,gs://pr-store-sim-cv-selling-shelf-storage-bucket/1778152127886#1048#1078#15-013,2,selling,sku_selling,250976,
1048,15,013,2026-05-07 11:08:47.886000 UTC,2026-05-07 12:33:20.255000 UTC,2026-05-07 12:33:22.071815 UTC,camera_cart,gs://pr-store-sim-cv-selling-shelf-storage-bucket/1778152127886#1048#1078#15-013,1,selling,sku_selling,1004690795,
1048,15,013,2026-05-07 11:08:47.886000 UTC,2026-05-07 12:33:20.255000 UTC,2026-05-07 12:33:22.071818 UTC,camera_cart,gs://pr-store-sim-cv-selling-shelf-storage-bucket/1778152127886#1048#1078#15-013,1,selling,sku_selling,1004690784,
1048,15,013,2026-05-07 11:08:47.886000 UTC,2026-05-07 12:33:20.255000 UTC,2026-05-07 12:33:22.071820 UTC,camera_cart,gs://pr-store-sim-cv-selling-shelf-storage-bucket/1778152127886#1048#1078#15-013,1,selling,sku_selling,1004690790,
1048,15,013,2026-05-07 11:08:47.886000 UTC,2026-05-07 12:33:20.255000 UTC,2026-05-07 12:33:22.071823 UTC,camera_cart,gs://pr-store-sim-cv-selling-shelf-storage-bucket/1778152127886#1048#1078#15-013,1,selling,sku_selling,263824,
1048,15,013,2026-05-07 11:08:47.886000 UTC,2026-05-07 12:33:20.255000 UTC,2026-05-07 12:33:22.071826 UTC,camera_cart,gs://pr-store-sim-cv-selling-shelf-storage-bucket/1778152127886#1048#1078#15-013,1,selling,sku_selling,267277,
1048,15,013,2026-05-07 11:08:47.886000 UTC,2026-05-07 12:33:20.255000 UTC,2026-05-07 12:33:22.071829 UTC,camera_cart,gs://pr-store-sim-cv-selling-shelf-storage-bucket/1778152127886#1048#1078#15-013,1,selling,sku_selling,247997,
1048,15,013,2026-05-07 11:08:47.886000 UTC,2026-05-07 12:33:20.255000 UTC,2026-05-07 12:33:22.071832 UTC,camera_cart,gs://pr-store-sim-cv-selling-shelf-storage-bucket/1778152127886#1048#1078#15-013,2,selling,sku_selling,262072,
1048,15,013,2026-05-07 11:08:47.886000 UTC,2026-05-07 12:33:20.255000 UTC,2026-05-07 12:33:22.071835 UTC,camera_cart,gs://pr-store-sim-cv-selling-shelf-storage-bucket/1778152127886#1048#1078#15-013,1,selling,sku_selling,271831,
1048,15,013,2026-05-07 11:08:47.886000 UTC,2026-05-07 12:33:20.255000 UTC,2026-05-07 12:33:22.071838 UTC,camera_cart,gs://pr-store-sim-cv-selling-shelf-storage-bucket/1778152127886#1048#1078#15-013,2,selling,sku_selling,298912,
1048,15,013,2026-05-07 11:08:47.886000 UTC,2026-05-07 12:33:20.255000 UTC,2026-05-07 12:33:22.071841 UTC,camera_cart,gs://pr-store-sim-cv-selling-shelf-storage-bucket/1778152127886#1048#1078#15-013,1,selling,sku_selling,273832,
1048,15,013,2026-05-07 11:08:47.886000 UTC,2026-05-07 12:33:20.255000 UTC,2026-05-07 12:33:22.071844 UTC,camera_cart,gs://pr-store-sim-cv-selling-shelf-storage-bucket/1778152127886#1048#1078#15-013,4,selling,sku_selling,251786,
1048,15,013,2026-05-07 11:08:47.886000 UTC,2026-05-07 12:33:20.255000 UTC,2026-05-07 12:33:22.071847 UTC,camera_cart,gs://pr-store-sim-cv-selling-shelf-storage-bucket/1778152127886#1048#1078#15-013,1,selling,sku_selling,1002482956,
1048,15,013,2026-05-07 11:08:47.886000 UTC,2026-05-07 12:33:20.255000 UTC,2026-05-07 12:33:22.071850 UTC,camera_cart,gs://pr-store-sim-cv-selling-shelf-storage-bucket/1778152127886#1048#1078#15-013,1,selling,sku_selling,272337,
1048,15,013,2026-05-07 11:08:47.886000 UTC,2026-05-07 12:33:20.255000 UTC,2026-05-07 12:33:22.071853 UTC,camera_cart,gs://pr-store-sim-cv-selling-shelf-storage-bucket/1778152127886#1048#1078#15-013,1,selling,sku_selling,285977,
1048,15,013,2026-05-07 11:08:47.886000 UTC,2026-05-07 12:33:20.255000 UTC,2026-05-07 12:33:22.071856 UTC,camera_cart,gs://pr-store-sim-cv-selling-shelf-storage-bucket/1778152127886#1048#1078#15-013,1,selling,sku_selling,1002475877,
1048,15,013,2026-05-07 11:08:47.886000 UTC,2026-05-07 12:33:20.255000 UTC,2026-05-07 12:33:22.317350 UTC,camera_cart,gs://pr-store-sim-cv-selling-shelf-storage-bucket/1778152127886#1048#1078#15-013,1,selling,Beams,,"LINESTRING(0 0.034, 0 4.408, 0.696 4.408, 0.696 0.034)"
1048,15,013,2026-05-07 11:08:47.886000 UTC,2026-05-07 12:33:20.255000 UTC,2026-05-07 12:33:21.908703 UTC,camera_cart,gs://pr-store-sim-cv-selling-shelf-storage-bucket/1778152127886#1048#1078#15-013,1,selling,EmptyItem,,"LINESTRING(2.476 0.449, 2.476 0.92, 2.619 0.92, 2.619 0.449)"
1048,15,013,2026-05-08 11:09:12.969000 UTC,2026-05-08 12:53:28.377000 UTC,2026-05-08 12:53:29.481939 UTC,camera_cart,gs://pr-store-sim-cv-selling-shelf-storage-bucket/1778238552969#1048#1065#15-013,0,selling,Beams,,GEOMETRYCOLLECTION EMPTY
1048,15,013,2026-05-08 11:09:12.969000 UTC,2026-05-08 12:53:28.377000 UTC,2026-05-08 12:53:29.111482 UTC,camera_cart,gs://pr-store-sim-cv-selling-shelf-storage-bucket/1778238552969#1048#1065#15-013,1,selling,sku_selling,1006129405,
1048,15,013,2026-05-08 11:09:12.969000 UTC,2026-05-08 12:53:28.377000 UTC,2026-05-08 12:53:29.111505 UTC,camera_cart,gs://pr-store-sim-cv-selling-shelf-storage-bucket/1778238552969#1048#1065#15-013,1,selling,sku_selling,1006224736,
1048,15,013,2026-05-08 11:09:12.969000 UTC,2026-05-08 12:53:28.377000 UTC,2026-05-08 12:53:29.111510 UTC,camera_cart,gs://pr-store-sim-cv-selling-shelf-storage-bucket/1778238552969#1048#1065#15-013,1,selling,sku_selling,267154,
1048,15,013,2026-05-08 11:09:12.969000 UTC,2026-05-08 12:53:28.377000 UTC,2026-05-08 12:53:29.111515 UTC,camera_cart,gs://pr-store-sim-cv-selling-shelf-storage-bucket/1778238552969#1048#1065#15-013,1,selling,sku_selling,269937,
1048,15,013,2026-05-08 11:09:12.969000 UTC,2026-05-08 12:53:28.377000 UTC,2026-05-08 12:53:29.111519 UTC,camera_cart,gs://pr-store-sim-cv-selling-shelf-storage-bucket/1778238552969#1048#1065#15-013,1,selling,sku_selling,271642,
1048,15,013,2026-05-08 11:09:12.969000 UTC,2026-05-08 12:53:28.377000 UTC,2026-05-08 12:53:29.111522 UTC,camera_cart,gs://pr-store-sim-cv-selling-shelf-storage-bucket/1778238552969#1048#1065#15-013,1,selling,sku_selling,250799,
1048,15,013,2026-05-08 11:09:12.969000 UTC,2026-05-08 12:53:28.377000 UTC,2026-05-08 12:53:29.111526 UTC,camera_cart,gs://pr-store-sim-cv-selling-shelf-storage-bucket/1778238552969#1048#1065#15-013,1,selling,sku_selling,250976,
1048,15,013,2026-05-08 11:09:12.969000 UTC,2026-05-08 12:53:28.377000 UTC,2026-05-08 12:53:29.111529 UTC,camera_cart,gs://pr-store-sim-cv-selling-shelf-storage-bucket/1778238552969#1048#1065#15-013,1,selling,sku_selling,1004690795,
1048,15,013,2026-05-08 11:09:12.969000 UTC,2026-05-08 12:53:28.377000 UTC,2026-05-08 12:53:29.111533 UTC,camera_cart,gs://pr-store-sim-cv-selling-shelf-storage-bucket/1778238552969#1048#1065#15-013,1,selling,sku_selling,1004690784,
1048,15,013,2026-05-08 11:09:12.969000 UTC,2026-05-08 12:53:28.377000 UTC,2026-05-08 12:53:29.111549 UTC,camera_cart,gs://pr-store-sim-cv-selling-shelf-storage-bucket/1778238552969#1048#1065#15-013,1,selling,sku_selling,1004690790,
1048,15,013,2026-05-08 11:09:12.969000 UTC,2026-05-08 12:53:28.377000 UTC,2026-05-08 12:53:29.111554 UTC,camera_cart,gs://pr-store-sim-cv-selling-shelf-storage-bucket/1778238552969#1048#1065#15-013,1,selling,sku_selling,263824,
1048,15,013,2026-05-08 11:09:12.969000 UTC,2026-05-08 12:53:28.377000 UTC,2026-05-08 12:53:29.111558 UTC,camera_cart,gs://pr-store-sim-cv-selling-shelf-storage-bucket/1778238552969#1048#1065#15-013,1,selling,sku_selling,267277,
1048,15,013,2026-05-08 11:09:12.969000 UTC,2026-05-08 12:53:28.377000 UTC,2026-05-08 12:53:29.111562 UTC,camera_cart,gs://pr-store-sim-cv-selling-shelf-storage-bucket/1778238552969#1048#1065#15-013,1,selling,sku_selling,247997,
1048,15,013,2026-05-08 11:09:12.969000 UTC,2026-05-08 12:53:28.377000 UTC,2026-05-08 12:53:29.111565 UTC,camera_cart,gs://pr-store-sim-cv-selling-shelf-storage-bucket/1778238552969#1048#1065#15-013,2,selling,sku_selling,262072,
1048,15,013,2026-05-08 11:09:12.969000 UTC,2026-05-08 12:53:28.377000 UTC,2026-05-08 12:53:29.111572 UTC,camera_cart,gs://pr-store-sim-cv-selling-shelf-storage-bucket/1778238552969#1048#1065#15-013,1,selling,sku_selling,271831,
1048,15,013,2026-05-08 11:09:12.969000 UTC,2026-05-08 12:53:28.377000 UTC,2026-05-08 12:53:29.111576 UTC,camera_cart,gs://pr-store-sim-cv-selling-shelf-storage-bucket/1778238552969#1048#1065#15-013,1,selling,sku_selling,1005812470,
1048,15,013,2026-05-08 11:09:12.969000 UTC,2026-05-08 12:53:28.377000 UTC,2026-05-08 12:53:29.111580 UTC,camera_cart,gs://pr-store-sim-cv-selling-shelf-storage-bucket/1778238552969#1048#1065#15-013,2,selling,sku_selling,298912,
1048,15,013,2026-05-08 11:09:12.969000 UTC,2026-05-08 12:53:28.377000 UTC,2026-05-08 12:53:29.111588 UTC,camera_cart,gs://pr-store-sim-cv-selling-shelf-storage-bucket/1778238552969#1048#1065#15-013,1,selling,sku_selling,273832,
1048,15,013,2026-05-08 11:09:12.969000 UTC,2026-05-08 12:53:28.377000 UTC,2026-05-08 12:53:29.111592 UTC,camera_cart,gs://pr-store-sim-cv-selling-shelf-storage-bucket/1778238552969#1048#1065#15-013,4,selling,sku_selling,251786,
1048,15,013,2026-05-08 11:09:12.969000 UTC,2026-05-08 12:53:28.377000 UTC,2026-05-08 12:53:29.111596 UTC,camera_cart,gs://pr-store-sim-cv-selling-shelf-storage-bucket/1778238552969#1048#1065#15-013,1,selling,sku_selling,1002482956,
1048,15,013,2026-05-08 11:09:12.969000 UTC,2026-05-08 12:53:28.377000 UTC,2026-05-08 12:53:29.111600 UTC,camera_cart,gs://pr-store-sim-cv-selling-shelf-storage-bucket/1778238552969#1048#1065#15-013,1,selling,sku_selling,272337,
1048,15,013,2026-05-08 11:09:12.969000 UTC,2026-05-08 12:53:28.377000 UTC,2026-05-08 12:53:29.111607 UTC,camera_cart,gs://pr-store-sim-cv-selling-shelf-storage-bucket/1778238552969#1048#1065#15-013,1,selling,sku_selling,285977,
1048,15,013,2026-05-08 11:09:12.969000 UTC,2026-05-08 12:53:28.377000 UTC,2026-05-08 12:53:29.111611 UTC,camera_cart,gs://pr-store-sim-cv-selling-shelf-storage-bucket/1778238552969#1048#1065#15-013,1,selling,sku_selling,1002475877,
1048,15,013,2026-05-08 11:09:12.969000 UTC,2026-05-08 12:53:28.377000 UTC,2026-05-08 12:53:29.111641 UTC,camera_cart,gs://pr-store-sim-cv-selling-shelf-storage-bucket/1778238552969#1048#1065#15-013,1,selling,sku_selling,1005847887,
1048,15,013,2026-05-08 11:09:12.969000 UTC,2026-05-08 12:53:28.377000 UTC,2026-05-08 12:53:29.111650 UTC,camera_cart,gs://pr-store-sim-cv-selling-shelf-storage-bucket/1778238552969#1048#1065#15-013,1,selling,sku_selling,1000050896,
1048,15,013,2026-05-08 11:09:12.969000 UTC,2026-05-08 12:53:28.377000 UTC,2026-05-08 12:53:29.111654 UTC,camera_cart,gs://pr-store-sim-cv-selling-shelf-storage-bucket/1778238552969#1048#1065#15-013,1,selling,sku_selling,117745,
1048,15,013,2026-05-08 11:09:12.969000 UTC,2026-05-08 12:53:28.377000 UTC,2026-05-08 12:53:28.765836 UTC,camera_cart,gs://pr-store-sim-cv-selling-shelf-storage-bucket/1778238552969#1048#1065#15-013,3,selling,EmptyItem,,"MULTILINESTRING((2.406 1.921, 2.406 2.235, 2.549 2.235, 2.549 1.921), (2.637 1.925, 2.637 2.221, 2.776 2.221, 2.776 1.925), (2.464 0.369, 2.464 0.87, 2.63 0.87, 2.63 0.369))"
1048,15,013,2026-05-09 10:40:51.941000 UTC,2026-05-09 12:25:07.150000 UTC,2026-05-09 12:25:07.437928 UTC,camera_cart,gs://pr-store-sim-cv-selling-shelf-storage-bucket/1778323251941#1048#1250#15-013,2,selling,EmptyItem,,"MULTILINESTRING((1.382 1.081, 1.382 1.323, 1.52 1.323, 1.52 1.081), (1.794 0.443, 1.794 0.935, 1.967 0.935, 1.967 0.443))"
1048,15,013,2026-05-09 10:40:51.941000 UTC,2026-05-09 12:25:07.150000 UTC,2026-05-09 12:25:07.540972 UTC,camera_cart,gs://pr-store-sim-cv-selling-shelf-storage-bucket/1778323251941#1048#1250#15-013,1,selling,sku_selling,269937,
1048,15,013,2026-05-09 10:40:51.941000 UTC,2026-05-09 12:25:07.150000 UTC,2026-05-09 12:25:07.540990 UTC,camera_cart,gs://pr-store-sim-cv-selling-shelf-storage-bucket/1778323251941#1048#1250#15-013,1,selling,sku_selling,271642,
1048,15,013,2026-05-09 10:40:51.941000 UTC,2026-05-09 12:25:07.150000 UTC,2026-05-09 12:25:07.540996 UTC,camera_cart,gs://pr-store-sim-cv-selling-shelf-storage-bucket/1778323251941#1048#1250#15-013,1,selling,sku_selling,250799,
1048,15,013,2026-05-09 10:40:51.941000 UTC,2026-05-09 12:25:07.150000 UTC,2026-05-09 12:25:07.541001 UTC,camera_cart,gs://pr-store-sim-cv-selling-shelf-storage-bucket/1778323251941#1048#1250#15-013,1,selling,sku_selling,250976,
1048,15,013,2026-05-09 10:40:51.941000 UTC,2026-05-09 12:25:07.150000 UTC,2026-05-09 12:25:07.541007 UTC,camera_cart,gs://pr-store-sim-cv-selling-shelf-storage-bucket/1778323251941#1048#1250#15-013,1,selling,sku_selling,1002482956,
1048,15,013,2026-05-09 10:40:51.941000 UTC,2026-05-09 12:25:07.150000 UTC,2026-05-09 12:25:07.541012 UTC,camera_cart,gs://pr-store-sim-cv-selling-shelf-storage-bucket/1778323251941#1048#1250#15-013,1,selling,sku_selling,272337,
1048,15,013,2026-05-09 10:40:51.941000 UTC,2026-05-09 12:25:07.150000 UTC,2026-05-09 12:25:07.541017 UTC,camera_cart,gs://pr-store-sim-cv-selling-shelf-storage-bucket/1778323251941#1048#1250#15-013,1,selling,sku_selling,285977,
1048,15,013,2026-05-09 10:40:51.941000 UTC,2026-05-09 12:25:07.150000 UTC,2026-05-09 12:25:07.541021 UTC,camera_cart,gs://pr-store-sim-cv-selling-shelf-storage-bucket/1778323251941#1048#1250#15-013,1,selling,sku_selling,263824,
1048,15,013,2026-05-09 10:40:51.941000 UTC,2026-05-09 12:25:07.150000 UTC,2026-05-09 12:25:07.541026 UTC,camera_cart,gs://pr-store-sim-cv-selling-shelf-storage-bucket/1778323251941#1048#1250#15-013,1,selling,sku_selling,267277,
1048,15,013,2026-05-09 10:40:51.941000 UTC,2026-05-09 12:25:07.150000 UTC,2026-05-09 12:25:07.541031 UTC,camera_cart,gs://pr-store-sim-cv-selling-shelf-storage-bucket/1778323251941#1048#1250#15-013,1,selling,sku_selling,247997,
1048,15,013,2026-05-09 10:40:51.941000 UTC,2026-05-09 12:25:07.150000 UTC,2026-05-09 12:25:07.541036 UTC,camera_cart,gs://pr-store-sim-cv-selling-shelf-storage-bucket/1778323251941#1048#1250#15-013,2,selling,sku_selling,262072,
1048,15,013,2026-05-09 10:40:51.941000 UTC,2026-05-09 12:25:07.150000 UTC,2026-05-09 12:25:07.541040 UTC,camera_cart,gs://pr-store-sim-cv-selling-shelf-storage-bucket/1778323251941#1048#1250#15-013,2,selling,sku_selling,271831,
1048,15,013,2026-05-09 10:40:51.941000 UTC,2026-05-09 12:25:07.150000 UTC,2026-05-09 12:25:07.692597 UTC,camera_cart,gs://pr-store-sim-cv-selling-shelf-storage-bucket/1778323251941#1048#1250#15-013,2,selling,Beams,,"MULTILINESTRING((5.025 0.003, 5.025 1.003, 5.311 1.003, 5.311 0.003, 5.311 0), (4.831 0, 4.831 4.101, 5.311 4.101, 5.311 1.003))"
1048,15,013,2026-05-11 07:42:42.596000 UTC,2026-05-11 08:59:37.627000 UTC,2026-05-11 08:59:39.340246 UTC,camera_cart,gs://pr-store-sim-cv-selling-shelf-storage-bucket/1778485362596#1048#1264#15-013,1,selling,EmptyItem,,"LINESTRING(2.124 1.903, 2.124 2.235, 2.286 2.235, 2.286 1.903)"
1048,15,013,2026-05-11 07:42:42.596000 UTC,2026-05-11 08:59:37.627000 UTC,2026-05-11 08:59:39.562817 UTC,camera_cart,gs://pr-store-sim-cv-selling-shelf-storage-bucket/1778485362596#1048#1264#15-013,1,selling,sku_selling,1004690795,
1048,15,013,2026-05-11 07:42:42.596000 UTC,2026-05-11 08:59:37.627000 UTC,2026-05-11 08:59:39.562830 UTC,camera_cart,gs://pr-store-sim-cv-selling-shelf-storage-bucket/1778485362596#1048#1264#15-013,1,selling,sku_selling,1004690784,
1048,15,013,2026-05-11 07:42:42.596000 UTC,2026-05-11 08:59:37.627000 UTC,2026-05-11 08:59:39.562834 UTC,camera_cart,gs://pr-store-sim-cv-selling-shelf-storage-bucket/1778485362596#1048#1264#15-013,1,selling,sku_selling,1004690790,
1048,15,013,2026-05-11 07:42:42.596000 UTC,2026-05-11 08:59:37.627000 UTC,2026-05-11 08:59:39.562837 UTC,camera_cart,gs://pr-store-sim-cv-selling-shelf-storage-bucket/1778485362596#1048#1264#15-013,3,selling,sku_selling,1004690791,
1048,15,013,2026-05-11 07:42:42.596000 UTC,2026-05-11 08:59:37.627000 UTC,2026-05-11 08:59:39.562840 UTC,camera_cart,gs://pr-store-sim-cv-selling-shelf-storage-bucket/1778485362596#1048#1264#15-013,1,selling,sku_selling,262072,
1048,15,013,2026-05-11 07:42:42.596000 UTC,2026-05-11 08:59:37.627000 UTC,2026-05-11 08:59:39.562843 UTC,camera_cart,gs://pr-store-sim-cv-selling-shelf-storage-bucket/1778485362596#1048#1264#15-013,2,selling,sku_selling,271831,
1048,15,013,2026-05-11 07:42:42.596000 UTC,2026-05-11 08:59:37.627000 UTC,2026-05-11 08:59:39.739404 UTC,camera_cart,gs://pr-store-sim-cv-selling-shelf-storage-bucket/1778485362596#1048#1264#15-013,0,selling,Beams,,GEOMETRYCOLLECTION EMPTY
1048,15,013,2026-05-12 08:20:01.592000 UTC,2026-05-12 09:15:50.689000 UTC,2026-05-12 09:17:20.903940 UTC,camera_cart,gs://pr-store-sim-cv-selling-shelf-storage-bucket/1778574001592#1048#1054#15-013,1,selling,Beams,,"LINESTRING(0.002 0.001, 0.002 3.616, 0.473 3.616, 0.473 0.001)"
1048,15,013,2026-05-12 08:20:01.592000 UTC,2026-05-12 09:15:50.689000 UTC,2026-05-12 09:17:20.673904 UTC,camera_cart,gs://pr-store-sim-cv-selling-shelf-storage-bucket/1778574001592#1048#1054#15-013,1,selling,sku_selling,1004690784,
1048,15,013,2026-05-12 08:20:01.592000 UTC,2026-05-12 09:15:50.689000 UTC,2026-05-12 09:17:20.673923 UTC,camera_cart,gs://pr-store-sim-cv-selling-shelf-storage-bucket/1778574001592#1048#1054#15-013,1,selling,sku_selling,1004690790,
1048,15,013,2026-05-12 08:20:01.592000 UTC,2026-05-12 09:15:50.689000 UTC,2026-05-12 09:17:20.673927 UTC,camera_cart,gs://pr-store-sim-cv-selling-shelf-storage-bucket/1778574001592#1048#1054#15-013,1,selling,sku_selling,1004690791,
1048,15,013,2026-05-12 08:20:01.592000 UTC,2026-05-12 09:15:50.689000 UTC,2026-05-12 09:17:20.673932 UTC,camera_cart,gs://pr-store-sim-cv-selling-shelf-storage-bucket/1778574001592#1048#1054#15-013,1,selling,sku_selling,1001082316,
1048,15,013,2026-05-12 08:20:01.592000 UTC,2026-05-12 09:15:50.689000 UTC,2026-05-12 09:17:20.673936 UTC,camera_cart,gs://pr-store-sim-cv-selling-shelf-storage-bucket/1778574001592#1048#1054#15-013,1,selling,sku_selling,252816,
1048,15,013,2026-05-12 08:20:01.592000 UTC,2026-05-12 09:15:50.689000 UTC,2026-05-12 09:17:20.673941 UTC,camera_cart,gs://pr-store-sim-cv-selling-shelf-storage-bucket/1778574001592#1048#1054#15-013,1,selling,sku_selling,1002482956,
1048,15,013,2026-05-12 08:20:01.592000 UTC,2026-05-12 09:15:50.689000 UTC,2026-05-12 09:17:20.673946 UTC,camera_cart,gs://pr-store-sim-cv-selling-shelf-storage-bucket/1778574001592#1048#1054#15-013,1,selling,sku_selling,272337,
1048,15,013,2026-05-12 08:20:01.592000 UTC,2026-05-12 09:15:50.689000 UTC,2026-05-12 09:17:20.673950 UTC,camera_cart,gs://pr-store-sim-cv-selling-shelf-storage-bucket/1778574001592#1048#1054#15-013,1,selling,sku_selling,285977,
1048,15,013,2026-05-12 08:20:01.592000 UTC,2026-05-12 09:15:50.689000 UTC,2026-05-12 09:17:20.673954 UTC,camera_cart,gs://pr-store-sim-cv-selling-shelf-storage-bucket/1778574001592#1048#1054#15-013,1,selling,sku_selling,286704,
1048,15,013,2026-05-12 08:20:01.592000 UTC,2026-05-12 09:15:50.689000 UTC,2026-05-12 09:17:20.673959 UTC,camera_cart,gs://pr-store-sim-cv-selling-shelf-storage-bucket/1778574001592#1048#1054#15-013,1,selling,sku_selling,296702,
1048,15,013,2026-05-12 08:20:01.592000 UTC,2026-05-12 09:15:50.689000 UTC,2026-05-12 09:17:20.673964 UTC,camera_cart,gs://pr-store-sim-cv-selling-shelf-storage-bucket/1778574001592#1048#1054#15-013,1,selling,sku_selling,273832,
1048,15,013,2026-05-12 08:20:01.592000 UTC,2026-05-12 09:15:50.689000 UTC,2026-05-12 09:17:20.673969 UTC,camera_cart,gs://pr-store-sim-cv-selling-shelf-storage-bucket/1778574001592#1048#1054#15-013,2,selling,sku_selling,251786,
1048,15,013,2026-05-12 08:20:01.592000 UTC,2026-05-12 09:15:50.689000 UTC,2026-05-12 09:17:20.673974 UTC,camera_cart,gs://pr-store-sim-cv-selling-shelf-storage-bucket/1778574001592#1048#1054#15-013,1,selling,sku_selling,247997,
1048,15,013,2026-05-12 08:20:01.592000 UTC,2026-05-12 09:15:50.689000 UTC,2026-05-12 09:17:20.673990 UTC,camera_cart,gs://pr-store-sim-cv-selling-shelf-storage-bucket/1778574001592#1048#1054#15-013,2,selling,sku_selling,262072,
1048,15,013,2026-05-12 08:20:01.592000 UTC,2026-05-12 09:15:50.689000 UTC,2026-05-12 09:17:20.673995 UTC,camera_cart,gs://pr-store-sim-cv-selling-shelf-storage-bucket/1778574001592#1048#1054#15-013,2,selling,sku_selling,271831,
1048,15,013,2026-05-12 08:20:01.592000 UTC,2026-05-12 09:15:50.689000 UTC,2026-05-12 09:17:20.673999 UTC,camera_cart,gs://pr-store-sim-cv-selling-shelf-storage-bucket/1778574001592#1048#1054#15-013,1,selling,sku_selling,1001082303,
1048,15,013,2026-05-12 08:20:01.592000 UTC,2026-05-12 09:15:50.689000 UTC,2026-05-12 09:17:20.497413 UTC,camera_cart,gs://pr-store-sim-cv-selling-shelf-storage-bucket/1778574001592#1048#1054#15-013,4,selling,EmptyItem,,"MULTILINESTRING((2.96 1.877, 2.96 2.166, 3.104 2.166, 3.104 1.877), (2.127 1.037, 2.127 1.272, 2.251 1.272, 2.251 1.037), (2.586 0.419, 2.586 0.892, 2.748 0.892, 2.748 0.419), (3.649 1.888, 3.649 2.159, 3.782 2.159, 3.782 1.888))"
1048,15,013,2026-05-13 09:27:55.737000 UTC,2026-05-13 13:49:37.883000 UTC,2026-05-13 13:49:38.411129 UTC,camera_cart,gs://pr-store-sim-cv-selling-shelf-storage-bucket/1778664475737#1048#1176#15-013,7,selling,EmptyItem,,"MULTILINESTRING((2.108 1.608, 2.108 1.897, 2.242 1.897, 2.242 1.608), (3.129 1.138, 3.129 1.494, 3.267 1.494, 3.267 1.138), (2.092 1.286, 2.092 1.582, 2.235 1.582, 2.235 1.286), (1.356 1.067, 1.356 1.316, 1.5 1.316, 1.5 1.067), (0.623 1.705, 0.623 1.978, 0.783 1.978, 0.783 1.705), (1.769 0.414, 1.769 0.913, 1.983 0.913, 1.983 0.414), (1.798 1.44, 1.798 1.687, 1.938 1.687, 1.938 1.44))"
1048,15,013,2026-05-13 09:27:55.737000 UTC,2026-05-13 13:49:37.883000 UTC,2026-05-13 13:49:38.652652 UTC,camera_cart,gs://pr-store-sim-cv-selling-shelf-storage-bucket/1778664475737#1048#1176#15-013,1,selling,sku_selling,269937,
1048,15,013,2026-05-13 09:27:55.737000 UTC,2026-05-13 13:49:37.883000 UTC,2026-05-13 13:49:38.652676 UTC,camera_cart,gs://pr-store-sim-cv-selling-shelf-storage-bucket/1778664475737#1048#1176#15-013,1,selling,sku_selling,271642,
1048,15,013,2026-05-13 09:27:55.737000 UTC,2026-05-13 13:49:37.883000 UTC,2026-05-13 13:49:38.652683 UTC,camera_cart,gs://pr-store-sim-cv-selling-shelf-storage-bucket/1778664475737#1048#1176#15-013,2,selling,sku_selling,250799,
1048,15,013,2026-05-13 09:27:55.737000 UTC,2026-05-13 13:49:37.883000 UTC,2026-05-13 13:49:38.652686 UTC,camera_cart,gs://pr-store-sim-cv-selling-shelf-storage-bucket/1778664475737#1048#1176#15-013,1,selling,sku_selling,261491,
1048,15,013,2026-05-13 09:27:55.737000 UTC,2026-05-13 13:49:37.883000 UTC,2026-05-13 13:49:38.652691 UTC,camera_cart,gs://pr-store-sim-cv-selling-shelf-storage-bucket/1778664475737#1048#1176#15-013,1,selling,sku_selling,1002474117,
1048,15,013,2026-05-13 09:27:55.737000 UTC,2026-05-13 13:49:37.883000 UTC,2026-05-13 13:49:38.652695 UTC,camera_cart,gs://pr-store-sim-cv-selling-shelf-storage-bucket/1778664475737#1048#1176#15-013,1,selling,sku_selling,250174,
1048,15,013,2026-05-13 09:27:55.737000 UTC,2026-05-13 13:49:37.883000 UTC,2026-05-13 13:49:38.652698 UTC,camera_cart,gs://pr-store-sim-cv-selling-shelf-storage-bucket/1778664475737#1048#1176#15-013,1,selling,sku_selling,250976,
1048,15,013,2026-05-13 09:27:55.737000 UTC,2026-05-13 13:49:37.883000 UTC,2026-05-13 13:49:38.652701 UTC,camera_cart,gs://pr-store-sim-cv-selling-shelf-storage-bucket/1778664475737#1048#1176#15-013,1,selling,sku_selling,1004690795,
1048,15,013,2026-05-13 09:27:55.737000 UTC,2026-05-13 13:49:37.883000 UTC,2026-05-13 13:49:38.652704 UTC,camera_cart,gs://pr-store-sim-cv-selling-shelf-storage-bucket/1778664475737#1048#1176#15-013,4,selling,sku_selling,1004690784,
1048,15,013,2026-05-13 09:27:55.737000 UTC,2026-05-13 13:49:37.883000 UTC,2026-05-13 13:49:38.652707 UTC,camera_cart,gs://pr-store-sim-cv-selling-shelf-storage-bucket/1778664475737#1048#1176#15-013,1,selling,sku_selling,1004690790,
1048,15,013,2026-05-13 09:27:55.737000 UTC,2026-05-13 13:49:37.883000 UTC,2026-05-13 13:49:38.652710 UTC,camera_cart,gs://pr-store-sim-cv-selling-shelf-storage-bucket/1778664475737#1048#1176#15-013,1,selling,sku_selling,1004690791,
1048,15,013,2026-05-13 09:27:55.737000 UTC,2026-05-13 13:49:37.883000 UTC,2026-05-13 13:49:38.652714 UTC,camera_cart,gs://pr-store-sim-cv-selling-shelf-storage-bucket/1778664475737#1048#1176#15-013,1,selling,sku_selling,260073,
1048,15,013,2026-05-13 09:27:55.737000 UTC,2026-05-13 13:49:37.883000 UTC,2026-05-13 13:49:38.652717 UTC,camera_cart,gs://pr-store-sim-cv-selling-shelf-storage-bucket/1778664475737#1048#1176#15-013,2,selling,sku_selling,1001082316,
1048,15,013,2026-05-13 09:27:55.737000 UTC,2026-05-13 13:49:37.883000 UTC,2026-05-13 13:49:38.652720 UTC,camera_cart,gs://pr-store-sim-cv-selling-shelf-storage-bucket/1778664475737#1048#1176#15-013,1,selling,sku_selling,252816,
1048,15,013,2026-05-13 09:27:55.737000 UTC,2026-05-13 13:49:37.883000 UTC,2026-05-13 13:49:38.652723 UTC,camera_cart,gs://pr-store-sim-cv-selling-shelf-storage-bucket/1778664475737#1048#1176#15-013,1,selling,sku_selling,1002482956,
1048,15,013,2026-05-13 09:27:55.737000 UTC,2026-05-13 13:49:37.883000 UTC,2026-05-13 13:49:38.652727 UTC,camera_cart,gs://pr-store-sim-cv-selling-shelf-storage-bucket/1778664475737#1048#1176#15-013,1,selling,sku_selling,272337,
1048,15,013,2026-05-13 09:27:55.737000 UTC,2026-05-13 13:49:37.883000 UTC,2026-05-13 13:49:38.652730 UTC,camera_cart,gs://pr-store-sim-cv-selling-shelf-storage-bucket/1778664475737#1048#1176#15-013,1,selling,sku_selling,285977,
1048,15,013,2026-05-13 09:27:55.737000 UTC,2026-05-13 13:49:37.883000 UTC,2026-05-13 13:49:38.652734 UTC,camera_cart,gs://pr-store-sim-cv-selling-shelf-storage-bucket/1778664475737#1048#1176#15-013,1,selling,sku_selling,286704,
1048,15,013,2026-05-13 09:27:55.737000 UTC,2026-05-13 13:49:37.883000 UTC,2026-05-13 13:49:38.652738 UTC,camera_cart,gs://pr-store-sim-cv-selling-shelf-storage-bucket/1778664475737#1048#1176#15-013,1,selling,sku_selling,296702,
1048,15,013,2026-05-13 09:27:55.737000 UTC,2026-05-13 13:49:37.883000 UTC,2026-05-13 13:49:38.652742 UTC,camera_cart,gs://pr-store-sim-cv-selling-shelf-storage-bucket/1778664475737#1048#1176#15-013,1,selling,sku_selling,263824,
1048,15,013,2026-05-13 09:27:55.737000 UTC,2026-05-13 13:49:37.883000 UTC,2026-05-13 13:49:38.652745 UTC,camera_cart,gs://pr-store-sim-cv-selling-shelf-storage-bucket/1778664475737#1048#1176#15-013,1,selling,sku_selling,267277,
1048,15,013,2026-05-13 09:27:55.737000 UTC,2026-05-13 13:49:37.883000 UTC,2026-05-13 13:49:38.652748 UTC,camera_cart,gs://pr-store-sim-cv-selling-shelf-storage-bucket/1778664475737#1048#1176#15-013,1,selling,sku_selling,247997,
1048,15,013,2026-05-13 09:27:55.737000 UTC,2026-05-13 13:49:37.883000 UTC,2026-05-13 13:49:38.652753 UTC,camera_cart,gs://pr-store-sim-cv-selling-shelf-storage-bucket/1778664475737#1048#1176#15-013,2,selling,sku_selling,262072,
1048,15,013,2026-05-13 09:27:55.737000 UTC,2026-05-13 13:49:37.883000 UTC,2026-05-13 13:49:38.652756 UTC,camera_cart,gs://pr-store-sim-cv-selling-shelf-storage-bucket/1778664475737#1048#1176#15-013,1,selling,sku_selling,271831,
1048,15,013,2026-05-13 09:27:55.737000 UTC,2026-05-13 13:49:37.883000 UTC,2026-05-13 13:49:38.652759 UTC,camera_cart,gs://pr-store-sim-cv-selling-shelf-storage-bucket/1778664475737#1048#1176#15-013,2,selling,sku_selling,251786,
1048,15,013,2026-05-13 09:27:55.737000 UTC,2026-05-13 13:49:37.883000 UTC,2026-05-13 13:49:38.652763 UTC,camera_cart,gs://pr-store-sim-cv-selling-shelf-storage-bucket/1778664475737#1048#1176#15-013,1,selling,sku_selling,1002475877,
1048,15,013,2026-05-13 09:27:55.737000 UTC,2026-05-13 13:49:37.883000 UTC,2026-05-13 13:49:39.101208 UTC,camera_cart,gs://pr-store-sim-cv-selling-shelf-storage-bucket/1778664475737#1048#1176#15-013,0,selling,Beams,,GEOMETRYCOLLECTION EMPTY
1048,15,013,2026-05-14 10:52:20.152000 UTC,2026-05-14 12:45:37.368000 UTC,2026-05-14 12:45:37.946492 UTC,camera_cart,gs://pr-store-sim-cv-selling-shelf-storage-bucket/1778755940152#1048#1204#15-013,1,selling,sku_selling,263512,
1048,15,013,2026-05-14 10:52:20.152000 UTC,2026-05-14 12:45:37.368000 UTC,2026-05-14 12:45:37.946507 UTC,camera_cart,gs://pr-store-sim-cv-selling-shelf-storage-bucket/1778755940152#1048#1204#15-013,1,selling,sku_selling,1002474116,
1048,15,013,2026-05-14 10:52:20.152000 UTC,2026-05-14 12:45:37.368000 UTC,2026-05-14 12:45:37.946511 UTC,camera_cart,gs://pr-store-sim-cv-selling-shelf-storage-bucket/1778755940152#1048#1204#15-013,1,selling,sku_selling,264188,
1048,15,013,2026-05-14 10:52:20.152000 UTC,2026-05-14 12:45:37.368000 UTC,2026-05-14 12:45:37.946514 UTC,camera_cart,gs://pr-store-sim-cv-selling-shelf-storage-bucket/1778755940152#1048#1204#15-013,1,selling,sku_selling,257833,
1048,15,013,2026-05-14 10:52:20.152000 UTC,2026-05-14 12:45:37.368000 UTC,2026-05-14 12:45:37.946517 UTC,camera_cart,gs://pr-store-sim-cv-selling-shelf-storage-bucket/1778755940152#1048#1204#15-013,1,selling,sku_selling,249438,
1048,15,013,2026-05-14 10:52:20.152000 UTC,2026-05-14 12:45:37.368000 UTC,2026-05-14 12:45:37.946520 UTC,camera_cart,gs://pr-store-sim-cv-selling-shelf-storage-bucket/1778755940152#1048#1204#15-013,1,selling,sku_selling,269937,
1048,15,013,2026-05-14 10:52:20.152000 UTC,2026-05-14 12:45:37.368000 UTC,2026-05-14 12:45:37.946523 UTC,camera_cart,gs://pr-store-sim-cv-selling-shelf-storage-bucket/1778755940152#1048#1204#15-013,1,selling,sku_selling,271642,
1048,15,013,2026-05-14 10:52:20.152000 UTC,2026-05-14 12:45:37.368000 UTC,2026-05-14 12:45:37.946526 UTC,camera_cart,gs://pr-store-sim-cv-selling-shelf-storage-bucket/1778755940152#1048#1204#15-013,1,selling,sku_selling,250799,
1048,15,013,2026-05-14 10:52:20.152000 UTC,2026-05-14 12:45:37.368000 UTC,2026-05-14 12:45:37.946528 UTC,camera_cart,gs://pr-store-sim-cv-selling-shelf-storage-bucket/1778755940152#1048#1204#15-013,1,selling,sku_selling,250976,
1048,15,013,2026-05-14 10:52:20.152000 UTC,2026-05-14 12:45:37.368000 UTC,2026-05-14 12:45:37.946532 UTC,camera_cart,gs://pr-store-sim-cv-selling-shelf-storage-bucket/1778755940152#1048#1204#15-013,2,selling,sku_selling,1001082316,
1048,15,013,2026-05-14 10:52:20.152000 UTC,2026-05-14 12:45:37.368000 UTC,2026-05-14 12:45:37.946535 UTC,camera_cart,gs://pr-store-sim-cv-selling-shelf-storage-bucket/1778755940152#1048#1204#15-013,1,selling,sku_selling,252816,
1048,15,013,2026-05-14 10:52:20.152000 UTC,2026-05-14 12:45:37.368000 UTC,2026-05-14 12:45:37.946537 UTC,camera_cart,gs://pr-store-sim-cv-selling-shelf-storage-bucket/1778755940152#1048#1204#15-013,1,selling,sku_selling,1002482956,
1048,15,013,2026-05-14 10:52:20.152000 UTC,2026-05-14 12:45:37.368000 UTC,2026-05-14 12:45:37.946540 UTC,camera_cart,gs://pr-store-sim-cv-selling-shelf-storage-bucket/1778755940152#1048#1204#15-013,1,selling,sku_selling,272337,
1048,15,013,2026-05-14 10:52:20.152000 UTC,2026-05-14 12:45:37.368000 UTC,2026-05-14 12:45:37.946543 UTC,camera_cart,gs://pr-store-sim-cv-selling-shelf-storage-bucket/1778755940152#1048#1204#15-013,1,selling,sku_selling,267277,
1048,15,013,2026-05-14 10:52:20.152000 UTC,2026-05-14 12:45:37.368000 UTC,2026-05-14 12:45:37.946546 UTC,camera_cart,gs://pr-store-sim-cv-selling-shelf-storage-bucket/1778755940152#1048#1204#15-013,1,selling,sku_selling,247997,
1048,15,013,2026-05-14 10:52:20.152000 UTC,2026-05-14 12:45:37.368000 UTC,2026-05-14 12:45:37.946549 UTC,camera_cart,gs://pr-store-sim-cv-selling-shelf-storage-bucket/1778755940152#1048#1204#15-013,2,selling,sku_selling,262072,
1048,15,013,2026-05-14 10:52:20.152000 UTC,2026-05-14 12:45:37.368000 UTC,2026-05-14 12:45:37.946552 UTC,camera_cart,gs://pr-store-sim-cv-selling-shelf-storage-bucket/1778755940152#1048#1204#15-013,1,selling,sku_selling,271831,
1048,15,013,2026-05-14 10:52:20.152000 UTC,2026-05-14 12:45:37.368000 UTC,2026-05-14 12:45:37.946554 UTC,camera_cart,gs://pr-store-sim-cv-selling-shelf-storage-bucket/1778755940152#1048#1204#15-013,2,selling,sku_selling,298912,
1048,15,013,2026-05-14 10:52:20.152000 UTC,2026-05-14 12:45:37.368000 UTC,2026-05-14 12:45:37.946557 UTC,camera_cart,gs://pr-store-sim-cv-selling-shelf-storage-bucket/1778755940152#1048#1204#15-013,1,selling,sku_selling,273832,
1048,15,013,2026-05-14 10:52:20.152000 UTC,2026-05-14 12:45:37.368000 UTC,2026-05-14 12:45:37.946560 UTC,camera_cart,gs://pr-store-sim-cv-selling-shelf-storage-bucket/1778755940152#1048#1204#15-013,4,selling,sku_selling,251786,
1048,15,013,2026-05-14 10:52:20.152000 UTC,2026-05-14 12:45:37.368000 UTC,2026-05-14 12:45:37.946563 UTC,camera_cart,gs://pr-store-sim-cv-selling-shelf-storage-bucket/1778755940152#1048#1204#15-013,1,selling,sku_selling,1002475877,
1048,15,013,2026-05-14 10:52:20.152000 UTC,2026-05-14 12:45:37.368000 UTC,2026-05-14 12:45:37.733942 UTC,camera_cart,gs://pr-store-sim-cv-selling-shelf-storage-bucket/1778755940152#1048#1204#15-013,4,selling,EmptyItem,,"MULTILINESTRING((2.063 1.622, 2.063 1.904, 2.194 1.904, 2.194 1.622), (0.586 1.713, 0.586 1.993, 0.751 1.993, 0.751 1.713), (1.762 1.457, 1.762 1.688, 1.896 1.688, 1.896 1.457), (1.728 0.445, 1.728 0.941, 1.943 0.941, 1.943 0.445))"
1048,15,013,2026-05-14 10:52:20.152000 UTC,2026-05-14 12:45:37.368000 UTC,2026-05-14 12:45:38.252302 UTC,camera_cart,gs://pr-store-sim-cv-selling-shelf-storage-bucket/1778755940152#1048#1204#15-013,0,selling,Beams,,GEOMETRYCOLLECTION EMPTY
1048,15,013,2026-05-15 09:21:57.293000 UTC,2026-05-15 10:12:36.494000 UTC,2026-05-15 10:13:50.265631 UTC,camera_cart,gs://pr-store-sim-cv-selling-shelf-storage-bucket/1778836917293#1048#1247#15-013,0,selling,Beams,,GEOMETRYCOLLECTION EMPTY
1048,15,013,2026-05-15 09:21:57.293000 UTC,2026-05-15 10:12:36.494000 UTC,2026-05-15 10:13:50.144240 UTC,camera_cart,gs://pr-store-sim-cv-selling-shelf-storage-bucket/1778836917293#1048#1247#15-013,1,selling,sku_selling,1004690795,
1048,15,013,2026-05-15 09:21:57.293000 UTC,2026-05-15 10:12:36.494000 UTC,2026-05-15 10:13:50.144263 UTC,camera_cart,gs://pr-store-sim-cv-selling-shelf-storage-bucket/1778836917293#1048#1247#15-013,1,selling,sku_selling,1004690784,
1048,15,013,2026-05-15 09:21:57.293000 UTC,2026-05-15 10:12:36.494000 UTC,2026-05-15 10:13:50.144269 UTC,camera_cart,gs://pr-store-sim-cv-selling-shelf-storage-bucket/1778836917293#1048#1247#15-013,1,selling,sku_selling,1004690790,
1048,15,013,2026-05-15 09:21:57.293000 UTC,2026-05-15 10:12:36.494000 UTC,2026-05-15 10:13:50.144275 UTC,camera_cart,gs://pr-store-sim-cv-selling-shelf-storage-bucket/1778836917293#1048#1247#15-013,1,selling,sku_selling,1004690791,
1048,15,013,2026-05-15 09:21:57.293000 UTC,2026-05-15 10:12:36.494000 UTC,2026-05-15 10:13:50.144279 UTC,camera_cart,gs://pr-store-sim-cv-selling-shelf-storage-bucket/1778836917293#1048#1247#15-013,2,selling,sku_selling,1001082316,
1048,15,013,2026-05-15 09:21:57.293000 UTC,2026-05-15 10:12:36.494000 UTC,2026-05-15 10:13:50.144286 UTC,camera_cart,gs://pr-store-sim-cv-selling-shelf-storage-bucket/1778836917293#1048#1247#15-013,1,selling,sku_selling,252816,
1048,15,013,2026-05-15 09:21:57.293000 UTC,2026-05-15 10:12:36.494000 UTC,2026-05-15 10:13:50.144291 UTC,camera_cart,gs://pr-store-sim-cv-selling-shelf-storage-bucket/1778836917293#1048#1247#15-013,1,selling,sku_selling,1002482956,
1048,15,013,2026-05-15 09:21:57.293000 UTC,2026-05-15 10:12:36.494000 UTC,2026-05-15 10:13:50.144296 UTC,camera_cart,gs://pr-store-sim-cv-selling-shelf-storage-bucket/1778836917293#1048#1247#15-013,1,selling,sku_selling,272337,
1048,15,013,2026-05-15 09:21:57.293000 UTC,2026-05-15 10:12:36.494000 UTC,2026-05-15 10:13:50.144300 UTC,camera_cart,gs://pr-store-sim-cv-selling-shelf-storage-bucket/1778836917293#1048#1247#15-013,1,selling,sku_selling,263824,
1048,15,013,2026-05-15 09:21:57.293000 UTC,2026-05-15 10:12:36.494000 UTC,2026-05-15 10:13:50.144304 UTC,camera_cart,gs://pr-store-sim-cv-selling-shelf-storage-bucket/1778836917293#1048#1247#15-013,1,selling,sku_selling,267277,
1048,15,013,2026-05-15 09:21:57.293000 UTC,2026-05-15 10:12:36.494000 UTC,2026-05-15 10:13:50.144308 UTC,camera_cart,gs://pr-store-sim-cv-selling-shelf-storage-bucket/1778836917293#1048#1247#15-013,1,selling,sku_selling,247997,
1048,15,013,2026-05-15 09:21:57.293000 UTC,2026-05-15 10:12:36.494000 UTC,2026-05-15 10:13:50.144312 UTC,camera_cart,gs://pr-store-sim-cv-selling-shelf-storage-bucket/1778836917293#1048#1247#15-013,2,selling,sku_selling,262072,
1048,15,013,2026-05-15 09:21:57.293000 UTC,2026-05-15 10:12:36.494000 UTC,2026-05-15 10:13:50.144317 UTC,camera_cart,gs://pr-store-sim-cv-selling-shelf-storage-bucket/1778836917293#1048#1247#15-013,1,selling,sku_selling,271831,
1048,15,013,2026-05-15 09:21:57.293000 UTC,2026-05-15 10:12:36.494000 UTC,2026-05-15 10:13:50.049658 UTC,camera_cart,gs://pr-store-sim-cv-selling-shelf-storage-bucket/1778836917293#1048#1247#15-013,1,selling,EmptyItem,,"LINESTRING(1.646 1.285, 1.646 1.818, 1.9 1.818, 1.9 1.285)"
1048,15,013,2026-05-18 09:14:24.038000 UTC,2026-05-18 11:17:03.849000 UTC,2026-05-18 11:17:08.336751 UTC,camera_cart,gs://pr-store-sim-cv-selling-shelf-storage-bucket/1779095664038#1048#1045#15-013,1,selling,sku_selling,247997,
1048,15,013,2026-05-18 09:14:24.038000 UTC,2026-05-18 11:17:03.849000 UTC,2026-05-18 11:17:08.336778 UTC,camera_cart,gs://pr-store-sim-cv-selling-shelf-storage-bucket/1779095664038#1048#1045#15-013,2,selling,sku_selling,262072,
1048,15,013,2026-05-18 09:14:24.038000 UTC,2026-05-18 11:17:03.849000 UTC,2026-05-18 11:17:08.336785 UTC,camera_cart,gs://pr-store-sim-cv-selling-shelf-storage-bucket/1779095664038#1048#1045#15-013,1,selling,sku_selling,271831,
1048,15,013,2026-05-18 09:14:24.038000 UTC,2026-05-18 11:17:03.849000 UTC,2026-05-18 11:17:08.521962 UTC,camera_cart,gs://pr-store-sim-cv-selling-shelf-storage-bucket/1779095664038#1048#1045#15-013,1,selling,Beams,,"LINESTRING(0.161 0, 0.161 3.741, 0.742 3.741, 0.742 0)"
1048,15,013,2026-05-18 09:14:24.038000 UTC,2026-05-18 11:17:03.849000 UTC,2026-05-18 11:17:08.186773 UTC,camera_cart,gs://pr-store-sim-cv-selling-shelf-storage-bucket/1779095664038#1048#1045#15-013,3,selling,EmptyItem,,"MULTILINESTRING((3.819 3.438, 3.819 4.048, 4.424 4.048, 4.424 3.438), (3.062 1.888, 3.062 2.187, 3.201 2.187, 3.201 1.888), (3.725 1.893, 3.725 2.157, 3.859 2.157, 3.859 1.893))"
1048,15,013,2026-05-23 10:04:11.748000 UTC,2026-05-23 11:49:36.648000 UTC,2026-05-23 11:49:42.007795 UTC,camera_cart,gs://pr-store-sim-cv-selling-shelf-storage-bucket/1779530651748#1048#1054#15-013,1,selling,sku_selling,1004690795,
1048,15,013,2026-05-23 10:04:11.748000 UTC,2026-05-23 11:49:36.648000 UTC,2026-05-23 11:49:42.007814 UTC,camera_cart,gs://pr-store-sim-cv-selling-shelf-storage-bucket/1779530651748#1048#1054#15-013,1,selling,sku_selling,1004690784,
1048,15,013,2026-05-23 10:04:11.748000 UTC,2026-05-23 11:49:36.648000 UTC,2026-05-23 11:49:42.007820 UTC,camera_cart,gs://pr-store-sim-cv-selling-shelf-storage-bucket/1779530651748#1048#1054#15-013,1,selling,sku_selling,1004690790,
1048,15,013,2026-05-23 10:04:11.748000 UTC,2026-05-23 11:49:36.648000 UTC,2026-05-23 11:49:42.007824 UTC,camera_cart,gs://pr-store-sim-cv-selling-shelf-storage-bucket/1779530651748#1048#1054#15-013,2,selling,sku_selling,1004690791,
1048,15,013,2026-05-23 10:04:11.748000 UTC,2026-05-23 11:49:36.648000 UTC,2026-05-23 11:49:42.007828 UTC,camera_cart,gs://pr-store-sim-cv-selling-shelf-storage-bucket/1779530651748#1048#1054#15-013,1,selling,sku_selling,267277,
1048,15,013,2026-05-23 10:04:11.748000 UTC,2026-05-23 11:49:36.648000 UTC,2026-05-23 11:49:42.007833 UTC,camera_cart,gs://pr-store-sim-cv-selling-shelf-storage-bucket/1779530651748#1048#1054#15-013,1,selling,sku_selling,247997,
1048,15,013,2026-05-23 10:04:11.748000 UTC,2026-05-23 11:49:36.648000 UTC,2026-05-23 11:49:42.007837 UTC,camera_cart,gs://pr-store-sim-cv-selling-shelf-storage-bucket/1779530651748#1048#1054#15-013,2,selling,sku_selling,262072,
1048,15,013,2026-05-23 10:04:11.748000 UTC,2026-05-23 11:49:36.648000 UTC,2026-05-23 11:49:42.007841 UTC,camera_cart,gs://pr-store-sim-cv-selling-shelf-storage-bucket/1779530651748#1048#1054#15-013,1,selling,sku_selling,271831,
1048,15,013,2026-05-23 10:04:11.748000 UTC,2026-05-23 11:49:36.648000 UTC,2026-05-23 11:49:42.007845 UTC,camera_cart,gs://pr-store-sim-cv-selling-shelf-storage-bucket/1779530651748#1048#1054#15-013,1,selling,sku_selling,252816,
1048,15,013,2026-05-23 10:04:11.748000 UTC,2026-05-23 11:49:36.648000 UTC,2026-05-23 11:49:42.007850 UTC,camera_cart,gs://pr-store-sim-cv-selling-shelf-storage-bucket/1779530651748#1048#1054#15-013,1,selling,sku_selling,1002482956,
1048,15,013,2026-05-23 10:04:11.748000 UTC,2026-05-23 11:49:36.648000 UTC,2026-05-23 11:49:42.007854 UTC,camera_cart,gs://pr-store-sim-cv-selling-shelf-storage-bucket/1779530651748#1048#1054#15-013,1,selling,sku_selling,272337,
1048,15,013,2026-05-23 10:04:11.748000 UTC,2026-05-23 11:49:36.648000 UTC,2026-05-23 11:49:42.007858 UTC,camera_cart,gs://pr-store-sim-cv-selling-shelf-storage-bucket/1779530651748#1048#1054#15-013,1,selling,sku_selling,285977,
1048,15,013,2026-05-23 10:04:11.748000 UTC,2026-05-23 11:49:36.648000 UTC,2026-05-23 11:49:42.231703 UTC,camera_cart,gs://pr-store-sim-cv-selling-shelf-storage-bucket/1779530651748#1048#1054#15-013,1,selling,Beams,,"LINESTRING(0.003 0.005, 0.003 3.699, 0.579 3.699, 0.579 0.005)"
1048,15,013,2026-05-23 10:04:11.748000 UTC,2026-05-23 11:49:36.648000 UTC,2026-05-23 11:49:41.825819 UTC,camera_cart,gs://pr-store-sim-cv-selling-shelf-storage-bucket/1779530651748#1048#1054#15-013,1,selling,EmptyItem,,"LINESTRING(2.194 1.348, 2.194 1.637, 2.328 1.637, 2.328 1.348)"
1048,15,013,2026-05-25 10:03:48.853000 UTC,2026-05-25 11:54:29.138000 UTC,2026-05-25 11:54:30.103409 UTC,camera_cart,gs://pr-store-sim-cv-selling-shelf-storage-bucket/1779703428853#1048#1170#15-013,1,selling,sku_selling,269937,
1048,15,013,2026-05-25 10:03:48.853000 UTC,2026-05-25 11:54:29.138000 UTC,2026-05-25 11:54:30.103423 UTC,camera_cart,gs://pr-store-sim-cv-selling-shelf-storage-bucket/1779703428853#1048#1170#15-013,1,selling,sku_selling,271642,
1048,15,013,2026-05-25 10:03:48.853000 UTC,2026-05-25 11:54:29.138000 UTC,2026-05-25 11:54:30.103427 UTC,camera_cart,gs://pr-store-sim-cv-selling-shelf-storage-bucket/1779703428853#1048#1170#15-013,1,selling,sku_selling,250799,
1048,15,013,2026-05-25 10:03:48.853000 UTC,2026-05-25 11:54:29.138000 UTC,2026-05-25 11:54:30.103430 UTC,camera_cart,gs://pr-store-sim-cv-selling-shelf-storage-bucket/1779703428853#1048#1170#15-013,1,selling,sku_selling,250976,
1048,15,013,2026-05-25 10:03:48.853000 UTC,2026-05-25 11:54:29.138000 UTC,2026-05-25 11:54:30.103433 UTC,camera_cart,gs://pr-store-sim-cv-selling-shelf-storage-bucket/1779703428853#1048#1170#15-013,1,selling,sku_selling,1004690784,
1048,15,013,2026-05-25 10:03:48.853000 UTC,2026-05-25 11:54:29.138000 UTC,2026-05-25 11:54:30.103436 UTC,camera_cart,gs://pr-store-sim-cv-selling-shelf-storage-bucket/1779703428853#1048#1170#15-013,1,selling,sku_selling,1004690790,
1048,15,013,2026-05-25 10:03:48.853000 UTC,2026-05-25 11:54:29.138000 UTC,2026-05-25 11:54:30.103465 UTC,camera_cart,gs://pr-store-sim-cv-selling-shelf-storage-bucket/1779703428853#1048#1170#15-013,1,selling,sku_selling,1004690791,
1048,15,013,2026-05-25 10:03:48.853000 UTC,2026-05-25 11:54:29.138000 UTC,2026-05-25 11:54:30.103468 UTC,camera_cart,gs://pr-store-sim-cv-selling-shelf-storage-bucket/1779703428853#1048#1170#15-013,1,selling,sku_selling,263824,
1048,15,013,2026-05-25 10:03:48.853000 UTC,2026-05-25 11:54:29.138000 UTC,2026-05-25 11:54:30.103471 UTC,camera_cart,gs://pr-store-sim-cv-selling-shelf-storage-bucket/1779703428853#1048#1170#15-013,1,selling,sku_selling,267277,
1048,15,013,2026-05-25 10:03:48.853000 UTC,2026-05-25 11:54:29.138000 UTC,2026-05-25 11:54:30.103474 UTC,camera_cart,gs://pr-store-sim-cv-selling-shelf-storage-bucket/1779703428853#1048#1170#15-013,1,selling,sku_selling,247997,
1048,15,013,2026-05-25 10:03:48.853000 UTC,2026-05-25 11:54:29.138000 UTC,2026-05-25 11:54:30.103477 UTC,camera_cart,gs://pr-store-sim-cv-selling-shelf-storage-bucket/1779703428853#1048#1170#15-013,2,selling,sku_selling,262072,
1048,15,013,2026-05-25 10:03:48.853000 UTC,2026-05-25 11:54:29.138000 UTC,2026-05-25 11:54:30.103480 UTC,camera_cart,gs://pr-store-sim-cv-selling-shelf-storage-bucket/1779703428853#1048#1170#15-013,1,selling,sku_selling,271831,
1048,15,013,2026-05-25 10:03:48.853000 UTC,2026-05-25 11:54:29.138000 UTC,2026-05-25 11:54:30.103483 UTC,camera_cart,gs://pr-store-sim-cv-selling-shelf-storage-bucket/1779703428853#1048#1170#15-013,2,selling,sku_selling,1001082316,
1048,15,013,2026-05-25 10:03:48.853000 UTC,2026-05-25 11:54:29.138000 UTC,2026-05-25 11:54:30.103486 UTC,camera_cart,gs://pr-store-sim-cv-selling-shelf-storage-bucket/1779703428853#1048#1170#15-013,1,selling,sku_selling,252816,
1048,15,013,2026-05-25 10:03:48.853000 UTC,2026-05-25 11:54:29.138000 UTC,2026-05-25 11:54:30.103489 UTC,camera_cart,gs://pr-store-sim-cv-selling-shelf-storage-bucket/1779703428853#1048#1170#15-013,1,selling,sku_selling,1002482956,
1048,15,013,2026-05-25 10:03:48.853000 UTC,2026-05-25 11:54:29.138000 UTC,2026-05-25 11:54:30.103498 UTC,camera_cart,gs://pr-store-sim-cv-selling-shelf-storage-bucket/1779703428853#1048#1170#15-013,1,selling,sku_selling,272337,
1048,15,013,2026-05-25 10:03:48.853000 UTC,2026-05-25 11:54:29.138000 UTC,2026-05-25 11:54:30.103501 UTC,camera_cart,gs://pr-store-sim-cv-selling-shelf-storage-bucket/1779703428853#1048#1170#15-013,1,selling,sku_selling,285977,
1048,15,013,2026-05-25 10:03:48.853000 UTC,2026-05-25 11:54:29.138000 UTC,2026-05-25 11:54:30.246004 UTC,camera_cart,gs://pr-store-sim-cv-selling-shelf-storage-bucket/1779703428853#1048#1170#15-013,0,selling,Beams,,GEOMETRYCOLLECTION EMPTY
1048,15,013,2026-05-25 10:03:48.853000 UTC,2026-05-25 11:54:29.138000 UTC,2026-05-25 11:54:29.961654 UTC,camera_cart,gs://pr-store-sim-cv-selling-shelf-storage-bucket/1779703428853#1048#1170#15-013,2,selling,EmptyItem,,"MULTILINESTRING((2.12 1.906, 2.12 2.251, 2.281 2.251, 2.281 1.906), (1.127 1.255, 1.127 1.611, 1.302 1.611, 1.302 1.255))"